observer,genotype,time_off_food_min,bends,additive,food,date,plate
JB,N2,5,5,NA,OP50,6/2/2021,1
JB,N2,5,6,NA,OP50,6/2/2021,1
JB,N2,5,2,NA,OP50,6/2/2021,1
JB,N2,5,6,NA,OP50,6/2/2021,1
JB,N2,5,3,NA,OP50,6/2/2021,1
JB,N2,5,4,NA,OP50,6/2/2021,1
JB,N2,5,4,NA,OP50,6/2/2021,1
JB,N2,5,4,NA,OP50,6/2/2021,1
JB,N2,5,4,NA,OP50,6/2/2021,1
JB,cest-1.2,5,2,NA,OP50,6/2/2021,2
JB,cest-1.2,5,4,NA,OP50,6/2/2021,2
JB,cest-1.2,5,3,NA,OP50,6/2/2021,2
JB,cest-1.2,5,4,NA,OP50,6/2/2021,2
JB,cest-1.2,5,4,NA,OP50,6/2/2021,2
JB,cest-1.2,5,6,NA,OP50,6/2/2021,2
JB,cest-1.2,5,3,NA,OP50,6/2/2021,2
JB,cest-1.2,5,5,NA,OP50,6/2/2021,2
JB,cest-1.2,5,4,NA,OP50,6/2/2021,2
JB,cest-1.2,5,3,NA,OP50,6/2/2021,2
JB,N2,30,6,NA,OP50,6/2/2021,1
JB,N2,30,3,NA,OP50,6/2/2021,1
JB,N2,30,10,NA,OP50,6/2/2021,1
JB,N2,30,5,NA,OP50,6/2/2021,1
JB,N2,30,6,NA,OP50,6/2/2021,1
JB,N2,30,5,NA,OP50,6/2/2021,1
JB,N2,30,5,NA,OP50,6/2/2021,1
JB,N2,30,6,NA,OP50,6/2/2021,1
JB,N2,30,5,NA,OP50,6/2/2021,1
JB,cest-1.2,30,5,NA,OP50,6/2/2021,2
JB,cest-1.2,30,5,NA,OP50,6/2/2021,2
JB,cest-1.2,30,2,NA,OP50,6/2/2021,2
JB,cest-1.2,30,4,NA,OP50,6/2/2021,2
JB,cest-1.2,30,3,NA,OP50,6/2/2021,2
JB,cest-1.2,30,5,NA,OP50,6/2/2021,2
JB,cest-1.2,30,3,NA,OP50,6/2/2021,2
JB,cest-1.2,30,7,NA,OP50,6/2/2021,2
JB,cest-1.2,30,8,NA,OP50,6/2/2021,2
JB,cest-1.2,30,7,NA,OP50,6/2/2021,2
JB,N2,5,5,NA,OP50,6/16/2021,11
JB,N2,5,7,NA,OP50,6/16/2021,11
JB,N2,5,2,NA,OP50,6/16/2021,11
JB,N2,5,5,NA,OP50,6/16/2021,11
JB,N2,5,4,NA,OP50,6/16/2021,11
JB,N2,5,8,NA,OP50,6/16/2021,11
JB,N2,5,2,NA,OP50,6/16/2021,11
JB,N2,5,3,NA,OP50,6/16/2021,11
JB,N2,5,3,NA,OP50,6/16/2021,11
JB,N2,5,6,NA,OP50,6/16/2021,11
JB,N2,5,4,NA,OP50,6/16/2021,12
JB,N2,5,4,NA,OP50,6/16/2021,12
JB,N2,5,3,NA,OP50,6/16/2021,12
JB,N2,5,8,NA,OP50,6/16/2021,12
JB,N2,5,5,NA,OP50,6/16/2021,12
JB,N2,5,4,NA,OP50,6/16/2021,12
JB,N2,5,4,NA,OP50,6/16/2021,12
JB,N2,5,4,NA,OP50,6/16/2021,12
JB,N2,5,3,NA,OP50,6/16/2021,12
JB,N2,5,5,NA,OP50,6/16/2021,12
JB,cest-1.2,5,3,NA,OP50,6/16/2021,13
JB,cest-1.2,5,3,NA,OP50,6/16/2021,13
JB,cest-1.2,5,3,NA,OP50,6/16/2021,13
JB,cest-1.2,5,4,NA,OP50,6/16/2021,13
JB,cest-1.2,5,11,NA,OP50,6/16/2021,13
JB,cest-1.2,5,2,NA,OP50,6/16/2021,13
JB,cest-1.2,5,2,NA,OP50,6/16/2021,13
JB,cest-1.2,5,3,NA,OP50,6/16/2021,13
JB,cest-1.2,5,3,NA,OP50,6/16/2021,13
JB,cest-1.2,5,4,NA,OP50,6/16/2021,13
JB,cest-1.2,5,2,NA,OP50,6/16/2021,14
JB,cest-1.2,5,3,NA,OP50,6/16/2021,14
JB,cest-1.2,5,3,NA,OP50,6/16/2021,14
JB,cest-1.2,5,4,NA,OP50,6/16/2021,14
JB,cest-1.2,5,4,NA,OP50,6/16/2021,14
JB,cest-1.2,5,6,NA,OP50,6/16/2021,14
JB,cest-1.2,5,7,NA,OP50,6/16/2021,14
JB,cest-1.2,5,4,NA,OP50,6/16/2021,14
JB,cest-1.2,5,3,NA,OP50,6/16/2021,14
JB,cest-1.2,5,5,NA,OP50,6/16/2021,14
JB,cest-1.2,5,4,NA,OP50,6/25/2021,15
JB,cest-1.2,5,4,NA,OP50,6/25/2021,15
JB,cest-1.2,5,5,NA,OP50,6/25/2021,15
JB,cest-1.2,5,3,NA,OP50,6/25/2021,15
JB,cest-1.2,5,3,NA,OP50,6/25/2021,15
JB,cest-1.2,5,4,NA,OP50,6/25/2021,15
JB,cest-1.2,5,2,NA,OP50,6/25/2021,15
JB,cest-1.2,5,3,NA,OP50,6/25/2021,15
JB,cest-1.2,5,4,NA,OP50,6/25/2021,15
JB,cest-1.2,5,4,NA,OP50,6/25/2021,15
JB,cest-1.2,5,3,NA,OP50,6/25/2021,16
JB,cest-1.2,5,7,NA,OP50,6/25/2021,16
JB,cest-1.2,5,4,NA,OP50,6/25/2021,16
JB,cest-1.2,5,4,NA,OP50,6/25/2021,16
JB,cest-1.2,5,4,NA,OP50,6/25/2021,16
JB,cest-1.2,5,2,NA,OP50,6/25/2021,16
JB,cest-1.2,5,6,NA,OP50,6/25/2021,16
JB,cest-1.2,5,3,NA,OP50,6/25/2021,16
JB,cest-1.2,5,4,NA,OP50,6/25/2021,16
JB,cest-1.2,5,7,NA,OP50,6/25/2021,16
JB,N2,5,3,NA,OP50,6/25/2021,17
JB,N2,5,4,NA,OP50,6/25/2021,17
JB,N2,5,3,NA,OP50,6/25/2021,17
JB,N2,5,5,NA,OP50,6/25/2021,17
JB,N2,5,6,NA,OP50,6/25/2021,17
JB,N2,5,8,NA,OP50,6/25/2021,17
JB,N2,5,3,NA,OP50,6/25/2021,17
JB,N2,5,4,NA,OP50,6/25/2021,17
JB,N2,5,4,NA,OP50,6/25/2021,17
JB,N2,5,3,NA,OP50,6/25/2021,17
JB,N2,5,4,NA,OP50,6/25/2021,18
JB,N2,5,5,NA,OP50,6/25/2021,18
JB,N2,5,7,NA,OP50,6/25/2021,18
JB,N2,5,4,NA,OP50,6/25/2021,18
JB,N2,5,3,NA,OP50,6/25/2021,18
JB,N2,5,5,NA,OP50,6/25/2021,18
JB,N2,5,5,NA,OP50,6/25/2021,18
JB,N2,5,5,NA,OP50,6/25/2021,18
JB,N2,5,5,NA,OP50,6/25/2021,18
JB,N2,5,6,NA,OP50,6/25/2021,18
JB,N2,5,3,NA,OP50,7/8/2021,43
JB,N2,5,4,NA,OP50,7/8/2021,43
JB,N2,5,2,NA,OP50,7/8/2021,43
JB,N2,5,4,NA,OP50,7/8/2021,43
JB,N2,5,2,NA,OP50,7/8/2021,43
JB,N2,5,4,NA,OP50,7/8/2021,43
JB,N2,5,4,NA,OP50,7/8/2021,43
JB,N2,5,2,NA,OP50,7/8/2021,43
JB,N2,5,5,NA,OP50,7/8/2021,43
JB,N2,5,5,NA,OP50,7/8/2021,43
JB,N2,5,4,NA,OP50,7/8/2021,44
JB,N2,5,6,NA,OP50,7/8/2021,44
JB,N2,5,3,NA,OP50,7/8/2021,44
JB,N2,5,3,NA,OP50,7/8/2021,44
JB,N2,5,3,NA,OP50,7/8/2021,44
JB,N2,5,1,NA,OP50,7/8/2021,44
JB,N2,5,4,NA,OP50,7/8/2021,44
JB,N2,5,3,NA,OP50,7/8/2021,44
JB,N2,5,2,NA,OP50,7/8/2021,44
JB,N2,5,3,NA,OP50,7/8/2021,44
JB,cest-1.2,5,3,NA,OP50,7/8/2021,47
JB,cest-1.2,5,5,NA,OP50,7/8/2021,47
JB,cest-1.2,5,2,NA,OP50,7/8/2021,47
JB,cest-1.2,5,2,NA,OP50,7/8/2021,47
JB,cest-1.2,5,5,NA,OP50,7/8/2021,47
JB,cest-1.2,5,4,NA,OP50,7/8/2021,47
JB,cest-1.2,5,4,NA,OP50,7/8/2021,47
JB,cest-1.2,5,5,NA,OP50,7/8/2021,47
JB,cest-1.2,5,2,NA,OP50,7/8/2021,47
JB,cest-1.2,5,2,NA,OP50,7/8/2021,47
JB,cest-1.2,5,4,NA,OP50,7/8/2021,48
JB,cest-1.2,5,4,NA,OP50,7/8/2021,48
JB,cest-1.2,5,5,NA,OP50,7/8/2021,48
JB,cest-1.2,5,3,NA,OP50,7/8/2021,48
JB,cest-1.2,5,3,NA,OP50,7/8/2021,48
JB,cest-1.2,5,4,NA,OP50,7/8/2021,48
JB,cest-1.2,5,3,NA,OP50,7/8/2021,48
JB,cest-1.2,5,4,NA,OP50,7/8/2021,48
JB,cest-1.2,5,5,NA,OP50,7/8/2021,48
JB,cest-1.2,5,5,NA,OP50,7/8/2021,48
JB,N2,5,3,NA,OP50,7/14/2021,65
JB,N2,5,4,NA,OP50,7/14/2021,65
JB,N2,5,2,NA,OP50,7/14/2021,65
JB,N2,5,4,NA,OP50,7/14/2021,65
JB,N2,5,4,NA,OP50,7/14/2021,65
JB,N2,5,7,NA,OP50,7/14/2021,65
JB,N2,5,5,NA,OP50,7/14/2021,65
JB,N2,5,3,NA,OP50,7/14/2021,65
JB,N2,5,3,NA,OP50,7/14/2021,65
JB,N2,5,3,NA,OP50,7/14/2021,65
JB,N2,5,3,NA,OP50,7/14/2021,66
JB,N2,5,3,NA,OP50,7/14/2021,66
JB,N2,5,4,NA,OP50,7/14/2021,66
JB,N2,5,4,NA,OP50,7/14/2021,66
JB,N2,5,4,NA,OP50,7/14/2021,66
JB,N2,5,3,NA,OP50,7/14/2021,66
JB,N2,5,7,NA,OP50,7/14/2021,66
JB,N2,5,5,NA,OP50,7/14/2021,66
JB,N2,5,2,NA,OP50,7/14/2021,66
JB,cest-1.2,5,4,NA,OP50,7/14/2021,67
JB,cest-1.2,5,2,NA,OP50,7/14/2021,67
JB,cest-1.2,5,4,NA,OP50,7/14/2021,67
JB,cest-1.2,5,2,NA,OP50,7/14/2021,67
JB,cest-1.2,5,3,NA,OP50,7/14/2021,67
JB,cest-1.2,5,5,NA,OP50,7/14/2021,67
JB,cest-1.2,5,3,NA,OP50,7/14/2021,67
JB,cest-1.2,5,4,NA,OP50,7/14/2021,67
JB,cest-1.2,5,3,NA,OP50,7/14/2021,67
JB,cest-1.2,5,7,NA,OP50,7/14/2021,67
JB,cest-1.2,5,2,NA,OP50,7/14/2021,68
JB,cest-1.2,5,2,NA,OP50,7/14/2021,68
JB,cest-1.2,5,3,NA,OP50,7/14/2021,68
JB,cest-1.2,5,3,NA,OP50,7/14/2021,68
JB,cest-1.2,5,2,NA,OP50,7/14/2021,68
JB,cest-1.2,5,3,NA,OP50,7/14/2021,68
JB,cest-1.2,5,4,NA,OP50,7/14/2021,68
JB,cest-1.2,5,2,NA,OP50,7/14/2021,68
JB,cest-1.2,5,2,NA,OP50,7/14/2021,68
JB,N2,5,4,NA,OP50,7/23/2021,77
JB,N2,5,3,NA,OP50,7/23/2021,77
JB,N2,5,7,NA,OP50,7/23/2021,77
JB,N2,5,2,NA,OP50,7/23/2021,77
JB,N2,5,4,NA,OP50,7/23/2021,77
JB,N2,5,6,NA,OP50,7/23/2021,77
JB,N2,5,3,NA,OP50,7/23/2021,77
JB,N2,5,3,NA,OP50,7/23/2021,77
JB,N2,5,4,NA,OP50,7/23/2021,77
JB,N2,5,5,NA,OP50,7/23/2021,77
JB,N2,5,3,NA,OP50,7/23/2021,77
JB,cest-1.2,5,2,NA,OP50,7/23/2021,79
JB,cest-1.2,5,2,NA,OP50,7/23/2021,79
JB,cest-1.2,5,4,NA,OP50,7/23/2021,79
JB,cest-1.2,5,4,NA,OP50,7/23/2021,79
JB,cest-1.2,5,3,NA,OP50,7/23/2021,79
JB,cest-1.2,5,3,NA,OP50,7/23/2021,79
JB,cest-1.2,5,4,NA,OP50,7/23/2021,79
JB,cest-1.2,5,2,NA,OP50,7/23/2021,79
JB,cest-1.2,5,3,NA,OP50,7/23/2021,79
JB,cest-1.2,5,4,NA,OP50,7/23/2021,79
JB,cest-1.2,5,4,NA,OP50,7/23/2021,80
JB,cest-1.2,5,1,NA,OP50,7/23/2021,80
JB,cest-1.2,5,3,NA,OP50,7/23/2021,80
JB,cest-1.2,5,4,NA,OP50,7/23/2021,80
JB,cest-1.2,5,3,NA,OP50,7/23/2021,80
JB,cest-1.2,5,3,NA,OP50,7/23/2021,80
JB,cest-1.2,5,5,NA,OP50,7/23/2021,80
JB,cest-1.2,5,5,NA,OP50,7/23/2021,80
JB,cest-1.2,5,4,NA,OP50,7/23/2021,80
JB,cest-1.2,5,5,NA,OP50,7/23/2021,80
JB,cest-1.2,5,3,NA,OP50,7/23/2021,81
JB,cest-1.2,5,6,NA,OP50,7/23/2021,81
JB,cest-1.2,5,2,NA,OP50,7/23/2021,81
JB,cest-1.2,5,3,NA,OP50,7/23/2021,81
JB,cest-1.2,5,5,NA,OP50,7/23/2021,81
JB,cest-1.2,5,4,NA,OP50,7/23/2021,81
JB,cest-1.2,5,4,NA,OP50,7/23/2021,81
JB,cest-1.2,5,3,NA,OP50,7/23/2021,81
JB,cest-1.2,5,4,NA,OP50,7/23/2021,81
JB,cest-1.2,5,7,NA,OP50,7/23/2021,81
JB,cest-1.2,5,3,NA,OP50,7/23/2021,82
JB,cest-1.2,5,4,NA,OP50,7/23/2021,82
JB,cest-1.2,5,2,NA,OP50,7/23/2021,82
JB,cest-1.2,5,3,NA,OP50,7/23/2021,82
JB,cest-1.2,5,3,NA,OP50,7/23/2021,82
JB,cest-1.2,5,2,NA,OP50,7/23/2021,82
JB,cest-1.2,5,4,NA,OP50,7/23/2021,82
JB,cest-1.2,5,5,NA,OP50,7/23/2021,82
JB,cest-1.2,5,3,NA,OP50,7/23/2021,82
JB,N2,5,7,NA,OP50,7/23/2021,83
JB,N2,5,6,NA,OP50,7/23/2021,83
JB,N2,5,4,NA,OP50,7/23/2021,83
JB,N2,5,3,NA,OP50,7/23/2021,83
JB,N2,5,4,NA,OP50,7/23/2021,83
JB,N2,5,5,NA,OP50,7/23/2021,83
JB,N2,5,5,NA,OP50,7/23/2021,83
JB,N2,5,6,NA,OP50,7/23/2021,83
JB,N2,5,6,NA,OP50,7/23/2021,83
JB,N2,5,4,NA,OP50,7/23/2021,84
JB,N2,5,4,NA,OP50,7/23/2021,84
JB,N2,5,5,NA,OP50,7/23/2021,84
JB,N2,5,4,NA,OP50,7/23/2021,84
JB,N2,5,3,NA,OP50,7/23/2021,84
JB,N2,5,4,NA,OP50,7/23/2021,84
JB,N2,5,5,NA,OP50,7/23/2021,84
JB,N2,5,5,NA,OP50,7/23/2021,84
JB,N2,5,5,NA,OP50,7/23/2021,84
JB,N2,5,4,NA,OP50,8/11/2021,117
JB,N2,5,3,NA,OP50,8/11/2021,117
JB,N2,5,4,NA,OP50,8/11/2021,117
JB,N2,5,4,NA,OP50,8/11/2021,117
JB,N2,5,3,NA,OP50,8/11/2021,117
JB,N2,5,3,NA,OP50,8/11/2021,117
JB,N2,5,3,NA,OP50,8/11/2021,117
JB,N2,5,3,NA,OP50,8/11/2021,117
JB,N2,5,5,NA,OP50,8/11/2021,117
JB,N2,5,4,NA,OP50,8/11/2021,117
JB,N2,5,5,NA,OP50,8/11/2021,118
JB,N2,5,3,NA,OP50,8/11/2021,118
JB,N2,5,3,NA,OP50,8/11/2021,118
JB,N2,5,5,NA,OP50,8/11/2021,118
JB,N2,5,8,NA,OP50,8/11/2021,118
JB,N2,5,3,NA,OP50,8/11/2021,118
JB,N2,5,3,NA,OP50,8/11/2021,118
JB,N2,5,4,NA,OP50,8/11/2021,118
JB,N2,5,5,NA,OP50,8/11/2021,118
JB,N2,5,2,NA,OP50,8/11/2021,118
JB,cest-1.2,5,3,NA,OP50,8/11/2021,119
JB,cest-1.2,5,3,NA,OP50,8/11/2021,119
JB,cest-1.2,5,4,NA,OP50,8/11/2021,119
JB,cest-1.2,5,3,NA,OP50,8/11/2021,119
JB,cest-1.2,5,4,NA,OP50,8/11/2021,119
JB,cest-1.2,5,3,NA,OP50,8/11/2021,119
JB,cest-1.2,5,3,NA,OP50,8/11/2021,119
JB,cest-1.2,5,3,NA,OP50,8/11/2021,119
JB,cest-1.2,5,2,NA,OP50,8/11/2021,119
JB,cest-1.2,5,5,NA,OP50,8/11/2021,119
JB,cest-1.2,5,2,NA,OP50,8/11/2021,120
JB,cest-1.2,5,1,NA,OP50,8/11/2021,120
JB,cest-1.2,5,1,NA,OP50,8/11/2021,120
JB,cest-1.2,5,2,NA,OP50,8/11/2021,120
JB,cest-1.2,5,2,NA,OP50,8/11/2021,120
JB,cest-1.2,5,3,NA,OP50,8/11/2021,120
JB,cest-1.2,5,3,NA,OP50,8/11/2021,120
JB,cest-1.2,5,4,NA,OP50,8/11/2021,120
JB,cest-1.2,5,2,NA,OP50,8/11/2021,120
JB,cest-1.2,5,5,NA,OP50,8/11/2021,120
JB,N2,5,4,NA,OP50,10/26/2021,141
JB,N2,5,4,NA,OP50,10/26/2021,141
JB,N2,5,5,NA,OP50,10/26/2021,141
JB,N2,5,2,NA,OP50,10/26/2021,141
JB,N2,5,5,NA,OP50,10/26/2021,141
JB,N2,5,3,NA,OP50,10/26/2021,141
JB,N2,5,5,NA,OP50,10/26/2021,141
JB,N2,5,6,NA,OP50,10/26/2021,141
JB,N2,5,3,NA,OP50,10/26/2021,141
JB,N2,5,3,NA,OP50,10/26/2021,141
JB,N2,5,3,NA,OP50,10/26/2021,142
JB,N2,5,3,NA,OP50,10/26/2021,142
JB,N2,5,2,NA,OP50,10/26/2021,142
JB,N2,5,5,NA,OP50,10/26/2021,142
JB,N2,5,8,NA,OP50,10/26/2021,142
JB,N2,5,4,NA,OP50,10/26/2021,142
JB,N2,5,3,NA,OP50,10/26/2021,142
JB,N2,5,3,NA,OP50,10/26/2021,142
JB,N2,5,5,NA,OP50,10/26/2021,142
JB,N2,5,3,NA,OP50,10/26/2021,142
JB,cest-1.2,5,3,NA,OP50,10/26/2021,143
JB,cest-1.2,5,4,NA,OP50,10/26/2021,143
JB,cest-1.2,5,1,NA,OP50,10/26/2021,143
JB,cest-1.2,5,2,NA,OP50,10/26/2021,143
JB,cest-1.2,5,3,NA,OP50,10/26/2021,143
JB,cest-1.2,5,4,NA,OP50,10/26/2021,143
JB,cest-1.2,5,3,NA,OP50,10/26/2021,143
JB,cest-1.2,5,3,NA,OP50,10/26/2021,143
JB,cest-1.2,5,3,NA,OP50,10/26/2021,143
JB,cest-1.2,5,3,NA,OP50,10/26/2021,144
JB,cest-1.2,5,3,NA,OP50,10/26/2021,144
JB,cest-1.2,5,1,NA,OP50,10/26/2021,144
JB,cest-1.2,5,3,NA,OP50,10/26/2021,144
JB,cest-1.2,5,2,NA,OP50,10/26/2021,144
JB,cest-1.2,5,4,NA,OP50,10/26/2021,144
JB,cest-1.2,5,3,NA,OP50,10/26/2021,144
JB,cest-1.2,5,3,NA,OP50,10/26/2021,144
JB,cest-1.2,5,2,NA,OP50,10/26/2021,144
JB,cest-1.2,5,4,NA,OP50,10/26/2021,144
JB,cest-1.2,5,1,NA,OP50,12/7/2021,171
JB,cest-1.2,5,4,NA,OP50,12/7/2021,171
JB,cest-1.2,5,3,NA,OP50,12/7/2021,171
JB,cest-1.2,5,3,NA,OP50,12/7/2021,171
JB,cest-1.2,5,2,NA,OP50,12/7/2021,171
JB,cest-1.2,5,6,NA,OP50,12/7/2021,171
JB,cest-1.2,5,3,NA,OP50,12/7/2021,171
JB,cest-1.2,5,3,NA,OP50,12/7/2021,171
JB,cest-1.2,5,2,NA,OP50,12/7/2021,171
JB,cest-1.2,5,2,NA,OP50,12/7/2021,171
JB,cest-1.2,5,4,NA,OP50,12/7/2021,172
JB,cest-1.2,5,7,NA,OP50,12/7/2021,172
JB,cest-1.2,5,1,NA,OP50,12/7/2021,172
JB,cest-1.2,5,6,NA,OP50,12/7/2021,172
JB,cest-1.2,5,2,NA,OP50,12/7/2021,172
JB,cest-1.2,5,4,NA,OP50,12/7/2021,172
JB,cest-1.2,5,2,NA,OP50,12/7/2021,172
JB,cest-1.2,5,4,NA,OP50,12/7/2021,172
JB,cest-1.2,5,2,NA,OP50,12/7/2021,172
JB,N2,5,8,NA,OP50,12/7/2021,173
JB,N2,5,6,NA,OP50,12/7/2021,173
JB,N2,5,4,NA,OP50,12/7/2021,173
JB,N2,5,3,NA,OP50,12/7/2021,173
JB,N2,5,5,NA,OP50,12/7/2021,173
JB,N2,5,9,NA,OP50,12/7/2021,173
JB,N2,5,4,NA,OP50,12/7/2021,173
JB,N2,5,4,NA,OP50,12/7/2021,173
JB,N2,5,2,NA,OP50,12/7/2021,173
JB,N2,5,3,NA,OP50,12/7/2021,173
JB,N2,5,2,NA,OP50,12/7/2021,174
JB,N2,5,6,NA,OP50,12/7/2021,174
JB,N2,5,5,NA,OP50,12/7/2021,174
JB,N2,5,7,NA,OP50,12/7/2021,174
JB,N2,5,2,NA,OP50,12/7/2021,174
JB,N2,5,2,NA,OP50,12/7/2021,174
JB,N2,5,2,NA,OP50,12/7/2021,174
JB,N2,5,7,NA,OP50,12/7/2021,174
JB,N2,5,3,NA,OP50,12/7/2021,174
JB,N2,5,3,NA,OP50,12/7/2021,174
JB,cest-1.2,5,7,NA,OP50,12/14/2021,177
JB,cest-1.2,5,2,NA,OP50,12/14/2021,177
JB,cest-1.2,5,5,NA,OP50,12/14/2021,177
JB,cest-1.2,5,4,NA,OP50,12/14/2021,177
JB,cest-1.2,5,2,NA,OP50,12/14/2021,177
JB,cest-1.2,5,5,NA,OP50,12/14/2021,177
JB,cest-1.2,5,1,NA,OP50,12/14/2021,177
JB,cest-1.2,5,5,NA,OP50,12/14/2021,177
JB,cest-1.2,5,3,NA,OP50,12/14/2021,177
JB,cest-1.2,5,3,NA,OP50,12/14/2021,178
JB,cest-1.2,5,4,NA,OP50,12/14/2021,178
JB,cest-1.2,5,2,NA,OP50,12/14/2021,178
JB,cest-1.2,5,2,NA,OP50,12/14/2021,178
JB,cest-1.2,5,2,NA,OP50,12/14/2021,178
JB,cest-1.2,5,4,NA,OP50,12/14/2021,178
JB,cest-1.2,5,6,NA,OP50,12/14/2021,178
JB,cest-1.2,5,2,NA,OP50,12/14/2021,178
JB,cest-1.2,5,2,NA,OP50,12/14/2021,178
JB,cest-1.2,5,4,NA,OP50,12/14/2021,178
JB,N2,5,4,NA,OP50,12/14/2021,179
JB,N2,5,6,NA,OP50,12/14/2021,179
JB,N2,5,5,NA,OP50,12/14/2021,179
JB,N2,5,6,NA,OP50,12/14/2021,179
JB,N2,5,2,NA,OP50,12/14/2021,179
JB,N2,5,3,NA,OP50,12/14/2021,179
JB,N2,5,3,NA,OP50,12/14/2021,179
JB,N2,5,2,NA,OP50,12/14/2021,179
JB,N2,5,3,NA,OP50,12/14/2021,179
JB,N2,5,4,NA,OP50,12/14/2021,179
JB,N2,5,3,NA,OP50,12/14/2021,180
JB,N2,5,6,NA,OP50,12/14/2021,180
JB,N2,5,2,NA,OP50,12/14/2021,180
JB,N2,5,2,NA,OP50,12/14/2021,180
JB,N2,5,3,NA,OP50,12/14/2021,180
JB,N2,5,1,NA,OP50,12/14/2021,180
JB,N2,5,1,NA,OP50,12/14/2021,180
JB,N2,5,3,NA,OP50,12/14/2021,180
JB,N2,5,3,NA,OP50,12/14/2021,180
JB,N2,5,3,NA,OP50,1/31/2022,185
JB,N2,5,6,NA,OP50,1/31/2022,185
JB,N2,5,4,NA,OP50,1/31/2022,185
JB,N2,5,1,NA,OP50,1/31/2022,185
JB,N2,5,5,NA,OP50,1/31/2022,185
JB,N2,5,6,NA,OP50,1/31/2022,185
JB,N2,5,5,NA,OP50,1/31/2022,185
JB,N2,5,4,NA,OP50,1/31/2022,185
JB,N2,5,2,NA,OP50,1/31/2022,185
JB,N2,5,6,NA,OP50,1/31/2022,185
JB,N2,5,1,NA,OP50,1/31/2022,186
JB,N2,5,4,NA,OP50,1/31/2022,186
JB,N2,5,4,NA,OP50,1/31/2022,186
JB,N2,5,3,NA,OP50,1/31/2022,186
JB,N2,5,5,NA,OP50,1/31/2022,186
JB,N2,5,6,NA,OP50,1/31/2022,186
JB,N2,5,2,NA,OP50,1/31/2022,186
JB,N2,5,5,NA,OP50,1/31/2022,186
JB,N2,5,4,NA,OP50,1/31/2022,186
JB,N2,5,4,NA,OP50,1/31/2022,186
JB,cest-1.2,5,3,NA,OP50,1/31/2022,187
JB,cest-1.2,5,2,NA,OP50,1/31/2022,187
JB,cest-1.2,5,1,NA,OP50,1/31/2022,187
JB,cest-1.2,5,3,NA,OP50,1/31/2022,187
JB,cest-1.2,5,3,NA,OP50,1/31/2022,187
JB,cest-1.2,5,1,NA,OP50,1/31/2022,187
JB,cest-1.2,5,6,NA,OP50,1/31/2022,187
JB,cest-1.2,5,4,NA,OP50,1/31/2022,187
JB,cest-1.2,5,3,NA,OP50,1/31/2022,187
JB,cest-1.2,5,2,NA,OP50,1/31/2022,187
JB,cest-1.2,5,1,NA,OP50,1/31/2022,188
JB,cest-1.2,5,4,NA,OP50,1/31/2022,188
JB,cest-1.2,5,4,NA,OP50,1/31/2022,188
JB,cest-1.2,5,4,NA,OP50,1/31/2022,188
JB,cest-1.2,5,3,NA,OP50,1/31/2022,188
JB,cest-1.2,5,3,NA,OP50,1/31/2022,188
JB,cest-1.2,5,2,NA,OP50,1/31/2022,188
JB,cest-1.2,5,3,NA,OP50,1/31/2022,188
JB,cest-1.2,5,3,NA,OP50,1/31/2022,188
JB,cest-1.2,5,4,NA,OP50,1/31/2022,188
JB,N2,5,4,NA,OP50,2/4/2022,189
JB,N2,5,5,NA,OP50,2/4/2022,189
JB,N2,5,4,NA,OP50,2/4/2022,189
JB,N2,5,3,NA,OP50,2/4/2022,189
JB,N2,5,3,NA,OP50,2/4/2022,189
JB,N2,5,2,NA,OP50,2/4/2022,189
JB,N2,5,3,NA,OP50,2/4/2022,189
JB,N2,5,7,NA,OP50,2/4/2022,189
JB,N2,5,2,NA,OP50,2/4/2022,189
JB,N2,5,4,NA,OP50,2/4/2022,189
JB,N2,5,4,NA,OP50,2/4/2022,190
JB,N2,5,4,NA,OP50,2/4/2022,190
JB,N2,5,1,NA,OP50,2/4/2022,190
JB,N2,5,3,NA,OP50,2/4/2022,190
JB,N2,5,2,NA,OP50,2/4/2022,190
JB,N2,5,4,NA,OP50,2/4/2022,190
JB,N2,5,4,NA,OP50,2/4/2022,190
JB,N2,5,4,NA,OP50,2/4/2022,190
JB,N2,5,6,NA,OP50,2/4/2022,190
JB,N2,5,3,NA,OP50,2/4/2022,190
JB,cest-1.2,5,6,NA,OP50,2/4/2022,191
JB,cest-1.2,5,3,NA,OP50,2/4/2022,191
JB,cest-1.2,5,3,NA,OP50,2/4/2022,191
JB,cest-1.2,5,3,NA,OP50,2/4/2022,191
JB,cest-1.2,5,2,NA,OP50,2/4/2022,191
JB,cest-1.2,5,4,NA,OP50,2/4/2022,191
JB,cest-1.2,5,2,NA,OP50,2/4/2022,191
JB,cest-1.2,5,3,NA,OP50,2/4/2022,191
JB,cest-1.2,5,5,NA,OP50,2/4/2022,191
JB,cest-1.2,5,2,NA,OP50,2/4/2022,191
JB,cest-1.2,5,4,NA,OP50,2/4/2022,192
JB,cest-1.2,5,5,NA,OP50,2/4/2022,192
JB,cest-1.2,5,5,NA,OP50,2/4/2022,192
JB,cest-1.2,5,3,NA,OP50,2/4/2022,192
JB,cest-1.2,5,5,NA,OP50,2/4/2022,192
JB,cest-1.2,5,3,NA,OP50,2/4/2022,192
JB,cest-1.2,5,3,NA,OP50,2/4/2022,192
JB,cest-1.2,5,3,NA,OP50,2/4/2022,192
JB,cest-1.2,5,3,NA,OP50,2/4/2022,192
JB,N2,5,5,NA,OP50,2/25/2022,201
JB,N2,5,4,NA,OP50,2/25/2022,201
JB,N2,5,4,NA,OP50,2/25/2022,201
JB,N2,5,4,NA,OP50,2/25/2022,201
JB,N2,5,9,NA,OP50,2/25/2022,201
JB,N2,5,3,NA,OP50,2/25/2022,201
JB,N2,5,2,NA,OP50,2/25/2022,201
JB,N2,5,3,NA,OP50,2/25/2022,201
JB,N2,5,4,NA,OP50,2/25/2022,201
JB,N2,5,3,NA,OP50,2/25/2022,201
JB,N2,5,5,NA,OP50,2/25/2022,202
JB,N2,5,5,NA,OP50,2/25/2022,202
JB,N2,5,3,NA,OP50,2/25/2022,202
JB,N2,5,8,NA,OP50,2/25/2022,202
JB,N2,5,5,NA,OP50,2/25/2022,202
JB,N2,5,7,NA,OP50,2/25/2022,202
JB,N2,5,4,NA,OP50,2/25/2022,202
JB,N2,5,5,NA,OP50,2/25/2022,202
JB,N2,5,3,NA,OP50,2/25/2022,202
JB,cest-1.2,5,4,NA,OP50,2/25/2022,203
JB,cest-1.2,5,3,NA,OP50,2/25/2022,203
JB,cest-1.2,5,3,NA,OP50,2/25/2022,203
JB,cest-1.2,5,3,NA,OP50,2/25/2022,203
JB,cest-1.2,5,4,NA,OP50,2/25/2022,203
JB,cest-1.2,5,3,NA,OP50,2/25/2022,203
JB,cest-1.2,5,5,NA,OP50,2/25/2022,203
JB,cest-1.2,5,3,NA,OP50,2/25/2022,203
JB,cest-1.2,5,3,NA,OP50,2/25/2022,203
JB,cest-1.2,5,3,NA,OP50,2/25/2022,203
JB,cest-1.2,5,4,NA,OP50,2/25/2022,204
JB,cest-1.2,5,5,NA,OP50,2/25/2022,204
JB,cest-1.2,5,2,NA,OP50,2/25/2022,204
JB,cest-1.2,5,2,NA,OP50,2/25/2022,204
JB,cest-1.2,5,3,NA,OP50,2/25/2022,204
JB,cest-1.2,5,3,NA,OP50,2/25/2022,204
JB,cest-1.2,5,3,NA,OP50,2/25/2022,204
JB,cest-1.2,5,1,NA,OP50,2/25/2022,204
JB,cest-1.2,5,2,NA,OP50,2/25/2022,204
JB,cest-1.2,5,5,NA,OP50,3/4/2022,213
JB,cest-1.2,5,5,NA,OP50,3/4/2022,213
JB,cest-1.2,5,3,NA,OP50,3/4/2022,213
JB,cest-1.2,5,4,NA,OP50,3/4/2022,213
JB,cest-1.2,5,4,NA,OP50,3/4/2022,213
JB,cest-1.2,5,2,NA,OP50,3/4/2022,213
JB,cest-1.2,5,2,NA,OP50,3/4/2022,213
JB,cest-1.2,5,5,NA,OP50,3/4/2022,213
JB,cest-1.2,5,3,NA,OP50,3/4/2022,214
JB,cest-1.2,5,2,NA,OP50,3/4/2022,214
JB,cest-1.2,5,3,NA,OP50,3/4/2022,214
JB,cest-1.2,5,3,NA,OP50,3/4/2022,214
JB,cest-1.2,5,2,NA,OP50,3/4/2022,214
JB,cest-1.2,5,5,NA,OP50,3/4/2022,214
JB,cest-1.2,5,6,NA,OP50,3/4/2022,214
JB,cest-1.2,5,2,NA,OP50,3/4/2022,214
JB,cest-1.2,5,3,NA,OP50,3/4/2022,214
JB,N2,5,5,NA,OP50,3/4/2022,215
JB,N2,5,3,NA,OP50,3/4/2022,215
JB,N2,5,5,NA,OP50,3/4/2022,215
JB,N2,5,2,NA,OP50,3/4/2022,215
JB,N2,5,3,NA,OP50,3/4/2022,215
JB,N2,5,5,NA,OP50,3/4/2022,215
JB,N2,5,5,NA,OP50,3/4/2022,215
JB,N2,5,4,NA,OP50,3/4/2022,215
JB,N2,5,3,NA,OP50,3/4/2022,215
JB,N2,5,2,NA,OP50,3/4/2022,215
JB,N2,5,3,NA,OP50,3/4/2022,216
JB,N2,5,3,NA,OP50,3/4/2022,216
JB,N2,5,2,NA,OP50,3/4/2022,216
JB,N2,5,4,NA,OP50,3/4/2022,216
JB,N2,5,6,NA,OP50,3/4/2022,216
JB,N2,5,3,NA,OP50,3/4/2022,216
JB,N2,5,5,NA,OP50,3/4/2022,216
JB,N2,5,4,NA,OP50,3/4/2022,216
JB,N2,5,4,NA,OP50,3/4/2022,216
JB,N2,5,3,NA,OP50,3/4/2022,216
JB,cest-1.2,5,4,NA,OP50,4/27/2022,235
JB,cest-1.2,5,4,NA,OP50,4/27/2022,235
JB,cest-1.2,5,3,NA,OP50,4/27/2022,235
JB,cest-1.2,5,3,NA,OP50,4/27/2022,235
JB,cest-1.2,5,5,NA,OP50,4/27/2022,235
JB,cest-1.2,5,5,NA,OP50,4/27/2022,235
JB,cest-1.2,5,3,NA,OP50,4/27/2022,235
JB,cest-1.2,5,4,NA,OP50,4/27/2022,235
JB,cest-1.2,5,4,NA,OP50,4/27/2022,235
JB,cest-1.2,5,4,NA,OP50,4/27/2022,235
JB,cest-1.2,5,5,NA,OP50,4/27/2022,236
JB,cest-1.2,5,4,NA,OP50,4/27/2022,236
JB,cest-1.2,5,3,NA,OP50,4/27/2022,236
JB,cest-1.2,5,2,NA,OP50,4/27/2022,236
JB,cest-1.2,5,4,NA,OP50,4/27/2022,236
JB,cest-1.2,5,3,NA,OP50,4/27/2022,236
JB,cest-1.2,5,3,NA,OP50,4/27/2022,236
JB,cest-1.2,5,2,NA,OP50,4/27/2022,236
JB,cest-1.2,5,4,NA,OP50,4/27/2022,236
JB,cest-1.2,5,5,NA,OP50,4/27/2022,236
JB,N2,5,4,NA,OP50,4/27/2022,237
JB,N2,5,4,NA,OP50,4/27/2022,237
JB,N2,5,4,NA,OP50,4/27/2022,237
JB,N2,5,4,NA,OP50,4/27/2022,237
JB,N2,5,5,NA,OP50,4/27/2022,237
JB,N2,5,3,NA,OP50,4/27/2022,237
JB,N2,5,4,NA,OP50,4/27/2022,237
JB,N2,5,5,NA,OP50,4/27/2022,237
JB,N2,5,2,NA,OP50,4/27/2022,237
JB,N2,5,5,NA,OP50,4/27/2022,237
JB,N2,5,3,NA,OP50,4/27/2022,238
JB,N2,5,5,NA,OP50,4/27/2022,238
JB,N2,5,5,NA,OP50,4/27/2022,238
JB,N2,5,6,NA,OP50,4/27/2022,238
JB,N2,5,4,NA,OP50,4/27/2022,238
JB,N2,5,5,NA,OP50,4/27/2022,238
JB,N2,5,5,NA,OP50,4/27/2022,238
JB,N2,5,5,NA,OP50,4/27/2022,238
JB,N2,5,4,NA,OP50,4/27/2022,238
JB,N2,5,5,NA,OP50,4/27/2022,238
JB,cest-1.2,30,7,NA,OP50,4/27/2022,239
JB,cest-1.2,30,3,NA,OP50,4/27/2022,239
JB,cest-1.2,30,3,NA,OP50,4/27/2022,239
JB,cest-1.2,30,3,NA,OP50,4/27/2022,239
JB,cest-1.2,30,2,NA,OP50,4/27/2022,239
JB,cest-1.2,30,6,NA,OP50,4/27/2022,239
JB,cest-1.2,30,3,NA,OP50,4/27/2022,239
JB,cest-1.2,30,1,NA,OP50,4/27/2022,240
JB,cest-1.2,30,2,NA,OP50,4/27/2022,240
JB,cest-1.2,30,4,NA,OP50,4/27/2022,240
JB,cest-1.2,30,2,NA,OP50,4/27/2022,240
JB,cest-1.2,30,2,NA,OP50,4/27/2022,240
JB,cest-1.2,30,3,NA,OP50,4/27/2022,240
JB,cest-1.2,30,4,NA,OP50,4/27/2022,240
JB,cest-1.2,30,2,NA,OP50,4/27/2022,240
JB,cest-1.2,30,2,NA,OP50,4/27/2022,240
JB,N2,30,3,NA,OP50,4/27/2022,241
JB,N2,30,4,NA,OP50,4/27/2022,241
JB,N2,30,4,NA,OP50,4/27/2022,241
JB,N2,30,6,NA,OP50,4/27/2022,241
JB,N2,30,5,NA,OP50,4/27/2022,241
JB,N2,30,7,NA,OP50,4/27/2022,241
JB,N2,30,8,NA,OP50,4/27/2022,241
JB,N2,30,5,NA,OP50,4/27/2022,242
JB,N2,30,4,NA,OP50,4/27/2022,242
JB,N2,30,3,NA,OP50,4/27/2022,242
JB,N2,30,5,NA,OP50,4/27/2022,242
JB,N2,30,3,NA,OP50,4/27/2022,242
JB,N2,30,5,NA,OP50,4/27/2022,242
JB,N2,30,7,NA,OP50,4/27/2022,242
JB,N2,30,5,NA,OP50,4/27/2022,242
JB,N2,30,3,NA,OP50,4/27/2022,242
JB,cest-1.2,0,5,NA,OP50,5/9/2022,247
JB,cest-1.2,0,3,NA,OP50,5/9/2022,247
JB,cest-1.2,0,6,NA,OP50,5/9/2022,247
JB,cest-1.2,0,7,NA,OP50,5/9/2022,247
JB,cest-1.2,0,5,NA,OP50,5/9/2022,247
JB,cest-1.2,0,2,NA,OP50,5/9/2022,247
JB,cest-1.2,0,5,NA,OP50,5/9/2022,247
JB,cest-1.2,0,4,NA,OP50,5/9/2022,247
JB,cest-1.2,0,4,NA,OP50,5/9/2022,247
JB,cest-1.2,0,2,NA,OP50,5/9/2022,247
JB,cest-1.2,0,3,NA,OP50,5/9/2022,247
JB,cest-1.2,0,2,NA,OP50,5/9/2022,247
JB,cest-1.2,0,3,NA,OP50,5/9/2022,247
JB,cest-1.2,0,2,NA,OP50,5/9/2022,247
JB,cest-1.2,0,5,NA,OP50,5/9/2022,247
JB,cest-1.2,0,1,NA,OP50,5/9/2022,247
JB,cest-1.2,0,2,NA,OP50,5/9/2022,247
JB,cest-1.2,0,5,NA,OP50,5/9/2022,247
JB,cest-1.2,0,2,NA,OP50,5/9/2022,247
JB,cest-1.2,0,1,NA,OP50,5/9/2022,247
JB,N2,0,5,NA,OP50,5/9/2022,249
JB,N2,0,6,NA,OP50,5/9/2022,249
JB,N2,0,5,NA,OP50,5/9/2022,249
JB,N2,0,5,NA,OP50,5/9/2022,249
JB,N2,0,3,NA,OP50,5/9/2022,249
JB,N2,0,4,NA,OP50,5/9/2022,249
JB,N2,0,4,NA,OP50,5/9/2022,249
JB,N2,0,5,NA,OP50,5/9/2022,249
JB,N2,0,1,NA,OP50,5/9/2022,249
JB,N2,0,1,NA,OP50,5/9/2022,249
JB,N2,0,2,NA,OP50,5/9/2022,249
JB,N2,0,3,NA,OP50,5/9/2022,249
JB,N2,0,3,NA,OP50,5/9/2022,249
JB,N2,0,2,NA,OP50,5/9/2022,249
JB,N2,0,1,NA,OP50,5/9/2022,249
JB,N2,0,3,NA,OP50,5/9/2022,249
JB,N2,0,2,NA,OP50,5/9/2022,249
JB,N2,0,3,NA,OP50,5/9/2022,249
JB,N2,0,3,NA,OP50,5/9/2022,249
JB,N2,0,6,NA,OP50,5/9/2022,249
JB,cest-1.2,5,3,NA,OP50,5/9/2022,250
JB,cest-1.2,5,2,NA,OP50,5/9/2022,250
JB,cest-1.2,5,3,NA,OP50,5/9/2022,250
JB,cest-1.2,5,2,NA,OP50,5/9/2022,250
JB,cest-1.2,5,1,NA,OP50,5/9/2022,250
JB,cest-1.2,5,4,NA,OP50,5/9/2022,250
JB,cest-1.2,5,2,NA,OP50,5/9/2022,250
JB,cest-1.2,5,2,NA,OP50,5/9/2022,250
JB,cest-1.2,5,4,NA,OP50,5/9/2022,250
JB,cest-1.2,5,4,NA,OP50,5/9/2022,250
JB,cest-1.2,5,2,NA,OP50,5/9/2022,251
JB,cest-1.2,5,4,NA,OP50,5/9/2022,251
JB,cest-1.2,5,2,NA,OP50,5/9/2022,251
JB,cest-1.2,5,2,NA,OP50,5/9/2022,251
JB,cest-1.2,5,3,NA,OP50,5/9/2022,251
JB,cest-1.2,5,2,NA,OP50,5/9/2022,251
JB,cest-1.2,5,2,NA,OP50,5/9/2022,251
JB,cest-1.2,5,1,NA,OP50,5/9/2022,251
JB,cest-1.2,5,4,NA,OP50,5/9/2022,251
JB,cest-1.2,5,1,NA,OP50,5/9/2022,251
JB,N2,5,3,NA,OP50,5/9/2022,254
JB,N2,5,3,NA,OP50,5/9/2022,254
JB,N2,5,3,NA,OP50,5/9/2022,254
JB,N2,5,3,NA,OP50,5/9/2022,254
JB,N2,5,3,NA,OP50,5/9/2022,254
JB,N2,5,3,NA,OP50,5/9/2022,254
JB,N2,5,4,NA,OP50,5/9/2022,254
JB,N2,5,3,NA,OP50,5/9/2022,254
JB,N2,5,4,NA,OP50,5/9/2022,254
JB,N2,5,3,NA,OP50,5/9/2022,254
JB,N2,5,2,NA,OP50,5/9/2022,255
JB,N2,5,3,NA,OP50,5/9/2022,255
JB,N2,5,1,NA,OP50,5/9/2022,255
JB,N2,5,4,NA,OP50,5/9/2022,255
JB,N2,5,4,NA,OP50,5/9/2022,255
JB,N2,5,4,NA,OP50,5/9/2022,255
JB,N2,5,3,NA,OP50,5/9/2022,255
JB,N2,5,2,NA,OP50,5/9/2022,255
JB,N2,5,2,NA,OP50,5/9/2022,255
JB,N2,5,3,NA,OP50,5/9/2022,255
JB,cest-1.2,30,3,NA,OP50,5/9/2022,256
JB,cest-1.2,30,2,NA,OP50,5/9/2022,256
JB,cest-1.2,30,3,NA,OP50,5/9/2022,256
JB,cest-1.2,30,3,NA,OP50,5/9/2022,256
JB,cest-1.2,30,1,NA,OP50,5/9/2022,256
JB,cest-1.2,30,3,NA,OP50,5/9/2022,256
JB,cest-1.2,30,1,NA,OP50,5/9/2022,256
JB,cest-1.2,30,2,NA,OP50,5/9/2022,256
JB,cest-1.2,30,2,NA,OP50,5/9/2022,256
JB,cest-1.2,30,2,NA,OP50,5/9/2022,256
JB,cest-1.2,30,2,NA,OP50,5/9/2022,257
JB,cest-1.2,30,2,NA,OP50,5/9/2022,257
JB,cest-1.2,30,2,NA,OP50,5/9/2022,257
JB,cest-1.2,30,1,NA,OP50,5/9/2022,257
JB,cest-1.2,30,2,NA,OP50,5/9/2022,257
JB,cest-1.2,30,2,NA,OP50,5/9/2022,257
JB,cest-1.2,30,2,NA,OP50,5/9/2022,257
JB,cest-1.2,30,3,NA,OP50,5/9/2022,257
JB,cest-1.2,30,5,NA,OP50,5/9/2022,257
JB,cest-1.2,30,1,NA,OP50,5/9/2022,257
JB,N2,30,3,NA,OP50,5/9/2022,260
JB,N2,30,2,NA,OP50,5/9/2022,260
JB,N2,30,3,NA,OP50,5/9/2022,260
JB,N2,30,1,NA,OP50,5/9/2022,260
JB,N2,30,3,NA,OP50,5/9/2022,260
JB,N2,30,2,NA,OP50,5/9/2022,260
JB,N2,30,6,NA,OP50,5/9/2022,260
JB,N2,30,4,NA,OP50,5/9/2022,260
JB,N2,30,3,NA,OP50,5/9/2022,260
JB,N2,30,4,NA,OP50,5/9/2022,261
JB,N2,30,2,NA,OP50,5/9/2022,261
JB,N2,30,2,NA,OP50,5/9/2022,261
JB,N2,30,1,NA,OP50,5/9/2022,261
JB,N2,30,2,NA,OP50,5/9/2022,261
JB,N2,30,1,NA,OP50,5/9/2022,261
JB,N2,30,1,NA,OP50,5/9/2022,261
JB,N2,30,3,NA,OP50,5/9/2022,261
JB,N2,0,3,NA,OP50,6/10/2022,266
JB,N2,0,5,NA,OP50,6/10/2022,266
JB,N2,0,6,NA,OP50,6/10/2022,266
JB,N2,0,3,NA,OP50,6/10/2022,266
JB,N2,0,2,NA,OP50,6/10/2022,266
JB,N2,0,1,NA,OP50,6/10/2022,266
JB,N2,0,2,NA,OP50,6/10/2022,266
JB,N2,0,2,NA,OP50,6/10/2022,266
JB,N2,0,3,NA,OP50,6/10/2022,266
JB,N2,0,5,NA,OP50,6/10/2022,266
JB,N2,0,4,NA,OP50,6/10/2022,267
JB,N2,0,3,NA,OP50,6/10/2022,267
JB,N2,0,4,NA,OP50,6/10/2022,267
JB,N2,0,2,NA,OP50,6/10/2022,267
JB,N2,0,2,NA,OP50,6/10/2022,267
JB,N2,0,2,NA,OP50,6/10/2022,267
JB,N2,0,4,NA,OP50,6/10/2022,267
JB,N2,0,2,NA,OP50,6/10/2022,267
JB,N2,0,3,NA,OP50,6/10/2022,267
JB,N2,0,1,NA,OP50,6/10/2022,267
JB,cest-1.2,0,2,NA,OP50,6/10/2022,268
JB,cest-1.2,0,3,NA,OP50,6/10/2022,268
JB,cest-1.2,0,3,NA,OP50,6/10/2022,268
JB,cest-1.2,0,1,NA,OP50,6/10/2022,268
JB,cest-1.2,0,1,NA,OP50,6/10/2022,268
JB,cest-1.2,0,3,NA,OP50,6/10/2022,268
JB,cest-1.2,0,3,NA,OP50,6/10/2022,268
JB,cest-1.2,0,1,NA,OP50,6/10/2022,268
JB,cest-1.2,0,2,NA,OP50,6/10/2022,268
JB,cest-1.2,0,2,NA,OP50,6/10/2022,268
JB,cest-1.2,0,2,NA,OP50,6/10/2022,269
JB,cest-1.2,0,2,NA,OP50,6/10/2022,269
JB,cest-1.2,0,2,NA,OP50,6/10/2022,269
JB,cest-1.2,0,3,NA,OP50,6/10/2022,269
JB,cest-1.2,0,3,NA,OP50,6/10/2022,269
JB,cest-1.2,0,3,NA,OP50,6/10/2022,269
JB,cest-1.2,0,2,NA,OP50,6/10/2022,269
JB,cest-1.2,0,1,NA,OP50,6/10/2022,269
JB,cest-1.2,0,2,NA,OP50,6/10/2022,269
JB,cest-1.2,0,2,NA,OP50,6/10/2022,269
JB,N2,5,2,NA,OP50,6/10/2022,266
JB,N2,5,4,NA,OP50,6/10/2022,266
JB,N2,5,3,NA,OP50,6/10/2022,266
JB,N2,5,2,NA,OP50,6/10/2022,266
JB,N2,5,4,NA,OP50,6/10/2022,266
JB,N2,5,3,NA,OP50,6/10/2022,266
JB,N2,5,1,NA,OP50,6/10/2022,266
JB,N2,5,1,NA,OP50,6/10/2022,266
JB,N2,5,4,NA,OP50,6/10/2022,266
JB,N2,5,3,NA,OP50,6/10/2022,266
JB,N2,5,3,NA,OP50,6/10/2022,266
JB,N2,5,2,NA,OP50,6/10/2022,267
JB,N2,5,4,NA,OP50,6/10/2022,267
JB,N2,5,8,NA,OP50,6/10/2022,267
JB,N2,5,3,NA,OP50,6/10/2022,267
JB,N2,5,2,NA,OP50,6/10/2022,267
JB,N2,5,3,NA,OP50,6/10/2022,267
JB,N2,5,3,NA,OP50,6/10/2022,267
JB,N2,5,4,NA,OP50,6/10/2022,267
JB,N2,5,2,NA,OP50,6/10/2022,267
JB,cest-1.2,5,3,NA,OP50,6/10/2022,268
JB,cest-1.2,5,2,NA,OP50,6/10/2022,268
JB,cest-1.2,5,3,NA,OP50,6/10/2022,268
JB,cest-1.2,5,1,NA,OP50,6/10/2022,268
JB,cest-1.2,5,2,NA,OP50,6/10/2022,268
JB,cest-1.2,5,3,NA,OP50,6/10/2022,268
JB,cest-1.2,5,4,NA,OP50,6/10/2022,268
JB,cest-1.2,5,4,NA,OP50,6/10/2022,268
JB,cest-1.2,5,2,NA,OP50,6/10/2022,268
JB,cest-1.2,5,8,NA,OP50,6/10/2022,268
JB,cest-1.2,5,1,NA,OP50,6/10/2022,269
JB,cest-1.2,5,4,NA,OP50,6/10/2022,269
JB,cest-1.2,5,3,NA,OP50,6/10/2022,269
JB,cest-1.2,5,3,NA,OP50,6/10/2022,269
JB,cest-1.2,5,2,NA,OP50,6/10/2022,269
JB,cest-1.2,5,4,NA,OP50,6/10/2022,269
JB,cest-1.2,5,4,NA,OP50,6/10/2022,269
JB,cest-1.2,5,1,NA,OP50,6/10/2022,269
JB,cest-1.2,5,4,NA,OP50,6/10/2022,269
JB,cest-1.2,5,2,NA,OP50,6/10/2022,269
JB,N2,30,3,NA,OP50,6/10/2022,266
JB,N2,30,4,NA,OP50,6/10/2022,266
JB,N2,30,3,NA,OP50,6/10/2022,266
JB,N2,30,3,NA,OP50,6/10/2022,266
JB,N2,30,1,NA,OP50,6/10/2022,266
JB,N2,30,2,NA,OP50,6/10/2022,266
JB,N2,30,2,NA,OP50,6/10/2022,266
JB,N2,30,3,NA,OP50,6/10/2022,267
JB,N2,30,2,NA,OP50,6/10/2022,267
JB,N2,30,2,NA,OP50,6/10/2022,267
JB,N2,30,4,NA,OP50,6/10/2022,267
JB,N2,30,8,NA,OP50,6/10/2022,267
JB,N2,30,2,NA,OP50,6/10/2022,267
JB,N2,30,3,NA,OP50,6/10/2022,267
JB,cest-1.2,30,6,NA,OP50,6/10/2022,268
JB,cest-1.2,30,2,NA,OP50,6/10/2022,268
JB,cest-1.2,30,3,NA,OP50,6/10/2022,268
JB,cest-1.2,30,2,NA,OP50,6/10/2022,268
JB,cest-1.2,30,4,NA,OP50,6/10/2022,268
JB,cest-1.2,30,2,NA,OP50,6/10/2022,268
JB,cest-1.2,30,1,NA,OP50,6/10/2022,268
JB,cest-1.2,30,1,NA,OP50,6/10/2022,268
JB,cest-1.2,30,2,NA,OP50,6/10/2022,268
JB,cest-1.2,30,2,NA,OP50,6/10/2022,268
JB,cest-1.2,30,3,NA,OP50,6/10/2022,269
JB,cest-1.2,30,2,NA,OP50,6/10/2022,269
JB,cest-1.2,30,2,NA,OP50,6/10/2022,269
JB,cest-1.2,30,2,NA,OP50,6/10/2022,269
JB,cest-1.2,30,2,NA,OP50,6/10/2022,269
JB,cest-1.2,30,1,NA,OP50,6/10/2022,269
JB,cest-1.2,30,2,NA,OP50,6/10/2022,269
JB,N2,0,2,NA,OP50,6/15/2022,272
JB,N2,0,3,NA,OP50,6/15/2022,272
JB,N2,0,2,NA,OP50,6/15/2022,272
JB,N2,0,3,NA,OP50,6/15/2022,272
JB,N2,0,4,NA,OP50,6/15/2022,272
JB,N2,0,4,NA,OP50,6/15/2022,272
JB,N2,0,4,NA,OP50,6/15/2022,272
JB,N2,0,2,NA,OP50,6/15/2022,272
JB,N2,0,3,NA,OP50,6/15/2022,272
JB,N2,0,2,NA,OP50,6/15/2022,272
JB,N2,0,3,NA,OP50,6/15/2022,273
JB,N2,0,4,NA,OP50,6/15/2022,273
JB,N2,0,2,NA,OP50,6/15/2022,273
JB,N2,0,3,NA,OP50,6/15/2022,273
JB,N2,0,4,NA,OP50,6/15/2022,273
JB,N2,0,4,NA,OP50,6/15/2022,273
JB,N2,0,1,NA,OP50,6/15/2022,273
JB,N2,0,2,NA,OP50,6/15/2022,273
JB,N2,0,2,NA,OP50,6/15/2022,273
JB,N2,0,3,NA,OP50,6/15/2022,273
JB,cest-1.2,0,1,NA,OP50,6/15/2022,274
JB,cest-1.2,0,3,NA,OP50,6/15/2022,274
JB,cest-1.2,0,2,NA,OP50,6/15/2022,274
JB,cest-1.2,0,3,NA,OP50,6/15/2022,274
JB,cest-1.2,0,1,NA,OP50,6/15/2022,274
JB,cest-1.2,0,2,NA,OP50,6/15/2022,274
JB,cest-1.2,0,2,NA,OP50,6/15/2022,274
JB,cest-1.2,0,3,NA,OP50,6/15/2022,274
JB,cest-1.2,0,3,NA,OP50,6/15/2022,274
JB,cest-1.2,0,3,NA,OP50,6/15/2022,274
JB,cest-1.2,0,2,NA,OP50,6/15/2022,275
JB,cest-1.2,0,2,NA,OP50,6/15/2022,275
JB,cest-1.2,0,2,NA,OP50,6/15/2022,275
JB,cest-1.2,0,3,NA,OP50,6/15/2022,275
JB,cest-1.2,0,2,NA,OP50,6/15/2022,275
JB,cest-1.2,0,5,NA,OP50,6/15/2022,275
JB,cest-1.2,0,3,NA,OP50,6/15/2022,275
JB,cest-1.2,0,1,NA,OP50,6/15/2022,275
JB,cest-1.2,0,4,NA,OP50,6/15/2022,275
JB,cest-1.2,0,2,NA,OP50,6/15/2022,275
JB,N2,5,4,NA,OP50,6/15/2022,272
JB,N2,5,3,NA,OP50,6/15/2022,272
JB,N2,5,3,NA,OP50,6/15/2022,272
JB,N2,5,4,NA,OP50,6/15/2022,272
JB,N2,5,3,NA,OP50,6/15/2022,272
JB,N2,5,4,NA,OP50,6/15/2022,272
JB,N2,5,5,NA,OP50,6/15/2022,272
JB,N2,5,2,NA,OP50,6/15/2022,272
JB,N2,5,3,NA,OP50,6/15/2022,272
JB,N2,5,5,NA,OP50,6/15/2022,272
JB,N2,5,2,NA,OP50,6/15/2022,273
JB,N2,5,3,NA,OP50,6/15/2022,273
JB,N2,5,3,NA,OP50,6/15/2022,273
JB,N2,5,2,NA,OP50,6/15/2022,273
JB,N2,5,4,NA,OP50,6/15/2022,273
JB,N2,5,4,NA,OP50,6/15/2022,273
JB,N2,5,1,NA,OP50,6/15/2022,273
JB,N2,5,2,NA,OP50,6/15/2022,273
JB,N2,5,2,NA,OP50,6/15/2022,273
JB,N2,5,5,NA,OP50,6/15/2022,273
JB,cest-1.2,5,2,NA,OP50,6/15/2022,274
JB,cest-1.2,5,2,NA,OP50,6/15/2022,274
JB,cest-1.2,5,3,NA,OP50,6/15/2022,274
JB,cest-1.2,5,1,NA,OP50,6/15/2022,274
JB,cest-1.2,5,5,NA,OP50,6/15/2022,274
JB,cest-1.2,5,2,NA,OP50,6/15/2022,274
JB,cest-1.2,5,2,NA,OP50,6/15/2022,274
JB,cest-1.2,5,2,NA,OP50,6/15/2022,274
JB,cest-1.2,5,1,NA,OP50,6/15/2022,274
JB,cest-1.2,5,2,NA,OP50,6/15/2022,274
JB,cest-1.2,5,1,NA,OP50,6/15/2022,275
JB,cest-1.2,5,1,NA,OP50,6/15/2022,275
JB,cest-1.2,5,1,NA,OP50,6/15/2022,275
JB,cest-1.2,5,2,NA,OP50,6/15/2022,275
JB,cest-1.2,5,3,NA,OP50,6/15/2022,275
JB,cest-1.2,5,3,NA,OP50,6/15/2022,275
JB,cest-1.2,5,3,NA,OP50,6/15/2022,275
JB,cest-1.2,5,2,NA,OP50,6/15/2022,275
JB,cest-1.2,5,2,NA,OP50,6/15/2022,275
JB,cest-1.2,5,3,NA,OP50,6/15/2022,275
JB,N2,30,4,NA,OP50,6/15/2022,272
JB,N2,30,2,NA,OP50,6/15/2022,272
JB,N2,30,2,NA,OP50,6/15/2022,272
JB,N2,30,4,NA,OP50,6/15/2022,272
JB,N2,30,3,NA,OP50,6/15/2022,272
JB,N2,30,2,NA,OP50,6/15/2022,272
JB,N2,30,2,NA,OP50,6/15/2022,272
JB,N2,30,2,NA,OP50,6/15/2022,272
JB,N2,30,3,NA,OP50,6/15/2022,272
JB,N2,30,2,NA,OP50,6/15/2022,272
JB,N2,30,3,NA,OP50,6/15/2022,273
JB,N2,30,5,NA,OP50,6/15/2022,273
JB,N2,30,10,NA,OP50,6/15/2022,273
JB,N2,30,2,NA,OP50,6/15/2022,273
JB,N2,30,1,NA,OP50,6/15/2022,273
JB,N2,30,5,NA,OP50,6/15/2022,273
JB,N2,30,3,NA,OP50,6/15/2022,273
JB,N2,30,4,NA,OP50,6/15/2022,273
JB,N2,30,4,NA,OP50,6/15/2022,273
JB,N2,30,3,NA,OP50,6/15/2022,273
JB,cest-1.2,30,2,NA,OP50,6/15/2022,274
JB,cest-1.2,30,2,NA,OP50,6/15/2022,274
JB,cest-1.2,30,2,NA,OP50,6/15/2022,274
JB,cest-1.2,30,3,NA,OP50,6/15/2022,274
JB,cest-1.2,30,1,NA,OP50,6/15/2022,274
JB,cest-1.2,30,4,NA,OP50,6/15/2022,274
JB,cest-1.2,30,3,NA,OP50,6/15/2022,274
JB,cest-1.2,30,3,NA,OP50,6/15/2022,274
JB,cest-1.2,30,2,NA,OP50,6/15/2022,274
JB,cest-1.2,30,1,NA,OP50,6/15/2022,274
JB,cest-1.2,30,1,NA,OP50,6/15/2022,275
JB,cest-1.2,30,3,NA,OP50,6/15/2022,275
JB,cest-1.2,30,3,NA,OP50,6/15/2022,275
JB,cest-1.2,30,3,NA,OP50,6/15/2022,275
JB,cest-1.2,30,2,NA,OP50,6/15/2022,275
JB,cest-1.2,30,3,NA,OP50,6/15/2022,275
JB,cest-1.2,30,1,NA,OP50,6/15/2022,275
JB,cest-1.2,30,4,NA,OP50,6/15/2022,275
JB,cest-1.2,5,2,NA,OP50,11/7/2022,293
JB,cest-1.2,5,2,NA,OP50,11/7/2022,293
JB,cest-1.2,5,4,NA,OP50,11/7/2022,293
JB,cest-1.2,5,3,NA,OP50,11/7/2022,293
JB,cest-1.2,5,2,NA,OP50,11/7/2022,293
JB,cest-1.2,5,1,NA,OP50,11/7/2022,293
JB,cest-1.2,5,3,NA,OP50,11/7/2022,293
JB,cest-1.2,5,4,NA,OP50,11/7/2022,293
JB,cest-1.2,5,2,NA,OP50,11/7/2022,293
JB,cest-1.2,5,3,NA,OP50,11/7/2022,293
JB,cest-1.2,5,2,NA,OP50,11/7/2022,294
JB,cest-1.2,5,4,NA,OP50,11/7/2022,294
JB,cest-1.2,5,2,NA,OP50,11/7/2022,294
JB,cest-1.2,5,2,NA,OP50,11/7/2022,294
JB,cest-1.2,5,3,NA,OP50,11/7/2022,294
JB,cest-1.2,5,2,NA,OP50,11/7/2022,294
JB,cest-1.2,5,1,NA,OP50,11/7/2022,294
JB,cest-1.2,5,2,NA,OP50,11/7/2022,294
JB,cest-1.2,5,1,NA,OP50,11/7/2022,294
JB,cest-1.2,5,2,NA,OP50,11/7/2022,294
JB,N2,5,3,NA,OP50,11/7/2022,297
JB,N2,5,3,NA,OP50,11/7/2022,297
JB,N2,5,2,NA,OP50,11/7/2022,297
JB,N2,5,3,NA,OP50,11/7/2022,297
JB,N2,5,2,NA,OP50,11/7/2022,297
JB,N2,5,2,NA,OP50,11/7/2022,297
JB,N2,5,4,NA,OP50,11/7/2022,297
JB,N2,5,3,NA,OP50,11/7/2022,297
JB,N2,5,3,NA,OP50,11/7/2022,297
JB,N2,5,3,NA,OP50,11/7/2022,297
JB,N2,5,4,NA,OP50,11/7/2022,298
JB,N2,5,3,NA,OP50,11/7/2022,298
JB,N2,5,3,NA,OP50,11/7/2022,298
JB,N2,5,3,NA,OP50,11/7/2022,298
JB,N2,5,4,NA,OP50,11/7/2022,298
JB,N2,5,3,NA,OP50,11/7/2022,298
JB,N2,5,2,NA,OP50,11/7/2022,298
JB,N2,5,3,NA,OP50,11/7/2022,298
JB,N2,5,4,NA,OP50,11/7/2022,298
JB,N2,5,3,NA,OP50,11/7/2022,298
JB,N2,5,2,NA,OP50,1/25/2023,299
JB,N2,5,2,NA,OP50,1/25/2023,299
JB,N2,5,3,NA,OP50,1/25/2023,299
JB,N2,5,2,NA,OP50,1/25/2023,299
JB,N2,5,3,NA,OP50,1/25/2023,299
JB,N2,5,3,NA,OP50,1/25/2023,299
JB,N2,5,3,NA,OP50,1/25/2023,299
JB,N2,5,4,NA,OP50,1/25/2023,299
JB,N2,5,3,NA,OP50,1/25/2023,299
JB,N2,5,3,NA,OP50,1/25/2023,299
JB,N2,5,4,NA,OP50,1/25/2023,300
JB,N2,5,3,NA,OP50,1/25/2023,300
JB,N2,5,3,NA,OP50,1/25/2023,300
JB,N2,5,3,NA,OP50,1/25/2023,300
JB,N2,5,2,NA,OP50,1/25/2023,300
JB,N2,5,4,NA,OP50,1/25/2023,300
JB,N2,5,3,NA,OP50,1/25/2023,300
JB,N2,5,3,NA,OP50,1/25/2023,300
JB,N2,5,2,NA,OP50,1/25/2023,300
JB,N2,5,3,NA,OP50,1/25/2023,300
JB,cest-1.2,5,1,NA,OP50,2/22/2023,317
JB,cest-1.2,5,3,NA,OP50,2/22/2023,317
JB,cest-1.2,5,5,NA,OP50,2/22/2023,317
JB,cest-1.2,5,2,NA,OP50,2/22/2023,317
JB,cest-1.2,5,1,NA,OP50,2/22/2023,317
JB,cest-1.2,5,1,NA,OP50,2/22/2023,317
JB,cest-1.2,5,2,NA,OP50,2/22/2023,317
JB,cest-1.2,5,2,NA,OP50,2/22/2023,317
JB,cest-1.2,5,3,NA,OP50,2/22/2023,317
JB,cest-1.2,5,3,NA,OP50,2/22/2023,317
JB,cest-1.2,5,3,NA,OP50,2/22/2023,318
JB,cest-1.2,5,3,NA,OP50,2/22/2023,318
JB,cest-1.2,5,3,NA,OP50,2/22/2023,318
JB,cest-1.2,5,2,NA,OP50,2/22/2023,318
JB,cest-1.2,5,3,NA,OP50,2/22/2023,318
JB,N2,5,2,NA,OP50,2/22/2023,321
JB,N2,5,2,NA,OP50,2/22/2023,321
JB,N2,5,4,NA,OP50,2/22/2023,321
JB,N2,5,2,NA,OP50,2/22/2023,321
JB,N2,5,2,NA,OP50,2/22/2023,321
JB,N2,5,3,NA,OP50,2/22/2023,321
JB,N2,5,4,NA,OP50,2/22/2023,321
JB,N2,5,3,NA,OP50,2/22/2023,321
JB,N2,5,3,NA,OP50,2/22/2023,321
JB,N2,5,2,NA,OP50,2/22/2023,321
JB,N2,5,4,NA,OP50,2/22/2023,321
JB,N2,5,2,NA,OP50,2/22/2023,322
JB,N2,5,3,NA,OP50,2/22/2023,322
JB,N2,5,4,NA,OP50,2/22/2023,322
JB,N2,5,2,NA,OP50,2/22/2023,322
JB,N2,5,3,NA,OP50,2/22/2023,322
JB,N2,5,3,NA,OP50,2/22/2023,322
JB,N2,5,2,NA,OP50,2/22/2023,322
JB,N2,5,3,NA,OP50,2/22/2023,322
JB,N2,5,4,NA,OP50,2/22/2023,322
JB,cest-1.2,5,2,NA,OP50,2/25/2023,329
JB,cest-1.2,5,2,NA,OP50,2/25/2023,329
JB,cest-1.2,5,5,NA,OP50,2/25/2023,329
JB,cest-1.2,5,3,NA,OP50,2/25/2023,329
JB,cest-1.2,5,1,NA,OP50,2/25/2023,329
JB,cest-1.2,5,2,NA,OP50,2/25/2023,329
JB,cest-1.2,5,4,NA,OP50,2/25/2023,329
JB,cest-1.2,5,5,NA,OP50,2/25/2023,329
JB,cest-1.2,5,2,NA,OP50,2/25/2023,329
JB,cest-1.2,5,5,NA,OP50,2/25/2023,329
JB,cest-1.2,5,4,NA,OP50,2/25/2023,330
JB,cest-1.2,5,1,NA,OP50,2/25/2023,330
JB,cest-1.2,5,3,NA,OP50,2/25/2023,330
JB,cest-1.2,5,3,NA,OP50,2/25/2023,330
JB,cest-1.2,5,1,NA,OP50,2/25/2023,330
JB,cest-1.2,5,3,NA,OP50,2/25/2023,330
JB,cest-1.2,5,2,NA,OP50,2/25/2023,330
JB,cest-1.2,5,2,NA,OP50,2/25/2023,330
JB,cest-1.2,5,3,NA,OP50,2/25/2023,330
JB,cest-1.2,5,3,NA,OP50,2/25/2023,330
JB,N2,5,3,NA,OP50,2/25/2023,335
JB,N2,5,7,NA,OP50,2/25/2023,335
JB,N2,5,4,NA,OP50,2/25/2023,335
JB,N2,5,2,NA,OP50,2/25/2023,335
JB,N2,5,4,NA,OP50,2/25/2023,335
JB,N2,5,5,NA,OP50,2/25/2023,335
JB,N2,5,2,NA,OP50,2/25/2023,335
JB,N2,5,3,NA,OP50,2/25/2023,335
JB,N2,5,4,NA,OP50,2/25/2023,335
JB,N2,5,2,NA,OP50,2/25/2023,335
JB,N2,5,3,NA,OP50,2/25/2023,336
JB,N2,5,3,NA,OP50,2/25/2023,336
JB,N2,5,3,NA,OP50,2/25/2023,336
JB,N2,5,5,NA,OP50,2/25/2023,336
JB,N2,5,3,NA,OP50,2/25/2023,336
JB,N2,5,2,NA,OP50,2/25/2023,336
JB,N2,5,9,NA,OP50,2/25/2023,336
JB,N2,5,4,NA,OP50,2/25/2023,336
JB,N2,5,4,NA,OP50,2/25/2023,336
JB,cest-1.2,5,1,NA,OP50,3/5/2023,349
JB,cest-1.2,5,2,NA,OP50,3/5/2023,349
JB,cest-1.2,5,2,NA,OP50,3/5/2023,349
JB,cest-1.2,5,2,NA,OP50,3/5/2023,349
JB,cest-1.2,5,3,NA,OP50,3/5/2023,349
JB,cest-1.2,5,4,NA,OP50,3/5/2023,349
JB,cest-1.2,5,2,NA,OP50,3/5/2023,349
JB,cest-1.2,5,1,NA,OP50,3/5/2023,349
JB,cest-1.2,5,3,NA,OP50,3/5/2023,349
JB,cest-1.2,5,2,NA,OP50,3/5/2023,349
JB,cest-1.2,5,2,NA,OP50,3/5/2023,350
JB,cest-1.2,5,2,NA,OP50,3/5/2023,350
JB,cest-1.2,5,2,NA,OP50,3/5/2023,350
JB,cest-1.2,5,2,NA,OP50,3/5/2023,350
JB,cest-1.2,5,2,NA,OP50,3/5/2023,350
JB,cest-1.2,5,3,NA,OP50,3/5/2023,350
JB,cest-1.2,5,2,NA,OP50,3/5/2023,350
JB,cest-1.2,5,2,NA,OP50,3/5/2023,350
JB,cest-1.2,5,3,NA,OP50,3/5/2023,350
JB,cest-1.2,5,2,NA,OP50,3/5/2023,350
JB,N2,5,3,NA,OP50,3/5/2023,351
JB,N2,5,3,NA,OP50,3/5/2023,351
JB,N2,5,3,NA,OP50,3/5/2023,351
JB,N2,5,4,NA,OP50,3/5/2023,351
JB,N2,5,2,NA,OP50,3/5/2023,351
JB,N2,5,6,NA,OP50,3/5/2023,351
JB,N2,5,3,NA,OP50,3/5/2023,351
JB,N2,5,4,NA,OP50,3/5/2023,351
JB,N2,5,3,NA,OP50,3/5/2023,351
JB,N2,5,5,NA,OP50,3/5/2023,351
JB,N2,5,4,NA,OP50,3/5/2023,352
JB,N2,5,2,NA,OP50,3/5/2023,352
JB,N2,5,4,NA,OP50,3/5/2023,352
JB,N2,5,2,NA,OP50,3/5/2023,352
JB,N2,5,2,NA,OP50,3/5/2023,352
JB,N2,5,3,NA,OP50,3/5/2023,352
JB,N2,5,6,NA,OP50,3/5/2023,352
JB,N2,5,3,NA,OP50,3/5/2023,352
JB,N2,5,3,NA,OP50,3/5/2023,352
JB,N2,5,4,NA,OP50,3/5/2023,352
JB,N2,5,1,NA,OP50,3/29/2023,357
JB,N2,5,2,NA,OP50,3/29/2023,357
JB,N2,5,2,NA,OP50,3/29/2023,357
JB,N2,5,2,NA,OP50,3/29/2023,357
JB,N2,5,3,NA,OP50,3/29/2023,357
JB,N2,5,3,NA,OP50,3/29/2023,357
JB,N2,5,2,NA,OP50,3/29/2023,357
JB,N2,5,3,NA,OP50,3/29/2023,357
JB,N2,5,2,NA,OP50,3/29/2023,357
JB,N2,5,2,NA,OP50,3/29/2023,357
JB,N2,5,2,NA,OP50,3/29/2023,357
JB,N2,5,5,NA,OP50,3/29/2023,357
JB,N2,5,4,NA,OP50,3/29/2023,357
JB,N2,5,2,NA,OP50,3/29/2023,357
JB,N2,5,3,NA,OP50,3/29/2023,357
JB,N2,5,4,NA,OP50,3/29/2023,357
JB,N2,5,3,NA,OP50,3/29/2023,357
JB,N2,5,4,NA,OP50,3/29/2023,357
JB,N2,5,4,NA,OP50,3/29/2023,357
JB,N2,5,3,NA,OP50,3/29/2023,357
JB,cest-1.2,5,1,NA,OP50,3/29/2023,359
JB,cest-1.2,5,1,NA,OP50,3/29/2023,359
JB,cest-1.2,5,1,NA,OP50,3/29/2023,359
JB,cest-1.2,5,2,NA,OP50,3/29/2023,359
JB,cest-1.2,5,3,NA,OP50,3/29/2023,359
JB,cest-1.2,5,3,NA,OP50,3/29/2023,359
JB,cest-1.2,5,1,NA,OP50,3/29/2023,359
JB,cest-1.2,5,1,NA,OP50,3/29/2023,359
JB,cest-1.2,5,2,NA,OP50,3/29/2023,359
JB,cest-1.2,5,3,NA,OP50,3/29/2023,359
JB,cest-1.2,5,1,NA,OP50,3/29/2023,359
JB,cest-1.2,5,1,NA,OP50,3/29/2023,359
JB,cest-1.2,5,2,NA,OP50,3/29/2023,359
JB,cest-1.2,5,1,NA,OP50,3/29/2023,359
JB,cest-1.2,5,2,NA,OP50,3/29/2023,359
JB,cest-1.2,5,1,NA,OP50,3/29/2023,359
JB,cest-1.2,5,2,NA,OP50,3/29/2023,359
JB,cest-1.2,5,3,NA,OP50,4/5/2023,362
JB,cest-1.2,5,4,NA,OP50,4/5/2023,362
JB,cest-1.2,5,1,NA,OP50,4/5/2023,362
JB,cest-1.2,5,1,NA,OP50,4/5/2023,362
JB,cest-1.2,5,2,NA,OP50,4/5/2023,362
JB,cest-1.2,5,1,NA,OP50,4/5/2023,362
JB,cest-1.2,5,2,NA,OP50,4/5/2023,362
JB,cest-1.2,5,4,NA,OP50,4/5/2023,362
JB,cest-1.2,5,1,NA,OP50,4/5/2023,362
JB,cest-1.2,5,1,NA,OP50,4/5/2023,362
JB,N2,5,4,NA,OP50,4/5/2023,363
JB,N2,5,2,NA,OP50,4/5/2023,363
JB,N2,5,2,NA,OP50,4/5/2023,363
JB,N2,5,2,NA,OP50,4/5/2023,363
JB,N2,5,3,NA,OP50,4/5/2023,363
JB,N2,5,2,NA,OP50,4/5/2023,363
JB,N2,5,3,NA,OP50,4/5/2023,363
JB,N2,5,3,NA,OP50,4/5/2023,363
JB,N2,5,3,NA,OP50,4/5/2023,363
JB,N2,5,4,NA,OP50,4/5/2023,363
JB,N2,5,2,NA,OP50,4/2/2023,365
JB,N2,5,2,NA,OP50,4/2/2023,365
JB,N2,5,3,NA,OP50,4/2/2023,365
JB,N2,5,2,NA,OP50,4/2/2023,365
JB,N2,5,4,NA,OP50,4/2/2023,365
JB,N2,5,2,NA,OP50,4/2/2023,365
JB,N2,5,5,NA,OP50,4/2/2023,365
JB,N2,5,4,NA,OP50,4/2/2023,365
JB,N2,5,1,NA,OP50,4/2/2023,365
JB,N2,5,2,NA,OP50,4/2/2023,365
JB,N2,5,2,NA,OP50,4/2/2023,365
JB,N2,5,2,NA,OP50,4/2/2023,365
JB,N2,5,2,NA,OP50,4/2/2023,365
JB,N2,5,3,NA,OP50,4/2/2023,365
JB,N2,5,3,NA,OP50,4/2/2023,365
JB,N2,5,2,NA,OP50,4/2/2023,365
JB,N2,5,1,NA,OP50,4/2/2023,366
JB,N2,5,3,NA,OP50,4/2/2023,366
JB,N2,5,3,NA,OP50,4/2/2023,366
JB,N2,5,3,NA,OP50,4/2/2023,366
JB,N2,5,2,NA,OP50,4/2/2023,366
JB,N2,5,2,NA,OP50,4/2/2023,366
JB,N2,5,3,NA,OP50,4/2/2023,366
JB,N2,5,5,NA,OP50,4/2/2023,366
JB,N2,5,4,NA,OP50,4/2/2023,366
JB,N2,5,6,NA,OP50,4/2/2023,366
JB,N2,5,9,NA,OP50,4/2/2023,366
JB,N2,5,2,NA,OP50,4/2/2023,366
JB,N2,5,4,NA,OP50,4/2/2023,366
JB,N2,5,2,NA,OP50,4/2/2023,366
JB,N2,5,2,NA,OP50,4/2/2023,366
JB,cest-1.2,5,2,NA,OP50,4/2/2023,367
JB,cest-1.2,5,2,NA,OP50,4/2/2023,367
JB,cest-1.2,5,5,NA,OP50,4/2/2023,367
JB,cest-1.2,5,2,NA,OP50,4/2/2023,367
JB,cest-1.2,5,3,NA,OP50,4/2/2023,367
JB,cest-1.2,5,1,NA,OP50,4/2/2023,367
JB,cest-1.2,5,1,NA,OP50,4/2/2023,367
JB,cest-1.2,5,4,NA,OP50,4/2/2023,367
JB,cest-1.2,5,2,NA,OP50,4/2/2023,367
JB,cest-1.2,5,2,NA,OP50,4/2/2023,367
JB,cest-1.2,5,2,NA,OP50,4/2/2023,367
JB,cest-1.2,5,3,NA,OP50,4/2/2023,367
JB,cest-1.2,5,3,NA,OP50,4/2/2023,367
JB,cest-1.2,5,2,NA,OP50,4/2/2023,367
JB,cest-1.2,5,2,NA,OP50,4/2/2023,367
JB,cest-1.2,5,3,NA,OP50,4/2/2023,368
JB,cest-1.2,5,1,NA,OP50,4/2/2023,368
JB,cest-1.2,5,2,NA,OP50,4/2/2023,368
JB,cest-1.2,5,2,NA,OP50,4/2/2023,368
JB,cest-1.2,5,3,NA,OP50,4/2/2023,368
JB,cest-1.2,5,5,NA,OP50,4/2/2023,368
JB,cest-1.2,5,2,NA,OP50,4/2/2023,368
JB,cest-1.2,5,2,NA,OP50,4/2/2023,368
JB,cest-1.2,5,2,NA,OP50,4/2/2023,368
JB,cest-1.2,5,1,NA,OP50,4/2/2023,368
JB,cest-1.2,5,2,NA,OP50,4/2/2023,368
JB,cest-1.2,5,2,NA,OP50,4/2/2023,368
JB,cest-1.2,5,3,NA,OP50,4/2/2023,368
JB,cest-1.2,5,2,NA,OP50,4/2/2023,368
JB,cest-1.2,5,2,NA,OP50,4/2/2023,368
JB,cest-1.2,5,5,NA,OP50,4/5/2023,369
JB,cest-1.2,5,3,NA,OP50,4/5/2023,369
JB,cest-1.2,5,3,NA,OP50,4/5/2023,369
JB,cest-1.2,5,2,NA,OP50,4/5/2023,369
JB,cest-1.2,5,2,NA,OP50,4/5/2023,369
JB,cest-1.2,5,3,NA,OP50,4/5/2023,369
JB,cest-1.2,5,2,NA,OP50,4/5/2023,369
JB,cest-1.2,5,2,NA,OP50,4/5/2023,369
JB,cest-1.2,5,3,NA,OP50,4/5/2023,369
JB,cest-1.2,5,2,NA,OP50,4/5/2023,369
JB,cest-1.2,5,2,NA,OP50,4/5/2023,369
JB,cest-1.2,5,3,NA,OP50,4/5/2023,369
JB,cest-1.2,5,4,NA,OP50,4/5/2023,369
JB,cest-1.2,5,3,NA,OP50,4/5/2023,369
JB,cest-1.2,5,2,NA,OP50,4/5/2023,369
JB,cest-1.2,5,2,NA,OP50,4/5/2023,369
JB,cest-1.2,5,4,NA,OP50,4/5/2023,369
JB,cest-1.2,5,5,NA,OP50,4/5/2023,369
JB,cest-1.2,5,2,NA,OP50,4/5/2023,369
JB,cest-1.2,5,2,NA,OP50,4/5/2023,369
JB,cest-1.2,5,2,NA,OP50,4/5/2023,370
JB,cest-1.2,5,1,NA,OP50,4/5/2023,370
JB,cest-1.2,5,3,NA,OP50,4/5/2023,370
JB,cest-1.2,5,1,NA,OP50,4/5/2023,370
JB,cest-1.2,5,2,NA,OP50,4/5/2023,370
JB,cest-1.2,5,1,NA,OP50,4/5/2023,370
JB,cest-1.2,5,2,NA,OP50,4/5/2023,370
JB,cest-1.2,5,2,NA,OP50,4/5/2023,370
JB,cest-1.2,5,1,NA,OP50,4/5/2023,370
JB,cest-1.2,5,3,NA,OP50,4/5/2023,370
JB,cest-1.2,5,4,NA,OP50,4/5/2023,370
JB,cest-1.2,5,3,NA,OP50,4/5/2023,370
JB,cest-1.2,5,3,NA,OP50,4/5/2023,370
JB,cest-1.2,5,3,NA,OP50,4/5/2023,370
JB,cest-1.2,5,2,NA,OP50,4/5/2023,370
JB,cest-1.2,5,3,NA,OP50,4/5/2023,370
JB,cest-1.2,5,3,NA,OP50,4/5/2023,370
JB,cest-1.2,5,3,NA,OP50,4/5/2023,370
JB,cest-1.2,5,2,NA,OP50,4/5/2023,370
JB,N2,5,2,NA,OP50,4/5/2023,371
JB,N2,5,2,NA,OP50,4/5/2023,371
JB,N2,5,3,NA,OP50,4/5/2023,371
JB,N2,5,4,NA,OP50,4/5/2023,371
JB,N2,5,4,NA,OP50,4/5/2023,371
JB,N2,5,3,NA,OP50,4/5/2023,371
JB,N2,5,2,NA,OP50,4/5/2023,371
JB,N2,5,4,NA,OP50,4/5/2023,371
JB,N2,5,3,NA,OP50,4/5/2023,371
JB,N2,5,2,NA,OP50,4/5/2023,371
JB,N2,5,3,NA,OP50,4/5/2023,371
JB,N2,5,4,NA,OP50,4/5/2023,371
JB,N2,5,3,NA,OP50,4/5/2023,371
JB,N2,5,2,NA,OP50,4/5/2023,371
JB,N2,5,4,NA,OP50,4/5/2023,371
JB,N2,5,2,NA,OP50,4/5/2023,371
JB,N2,5,3,NA,OP50,4/5/2023,371
JB,N2,5,2,NA,OP50,4/5/2023,371
JB,N2,5,2,NA,OP50,4/5/2023,371
JB,N2,5,3,NA,OP50,4/5/2023,371
JB,N2,5,2,NA,OP50,4/5/2023,372
JB,N2,5,2,NA,OP50,4/5/2023,372
JB,N2,5,4,NA,OP50,4/5/2023,372
JB,N2,5,4,NA,OP50,4/5/2023,372
JB,N2,5,1,NA,OP50,4/5/2023,372
JB,N2,5,2,NA,OP50,4/5/2023,372
JB,N2,5,3,NA,OP50,4/5/2023,372
JB,N2,5,1,NA,OP50,4/5/2023,372
JB,N2,5,3,NA,OP50,4/5/2023,372
JB,N2,5,2,NA,OP50,4/5/2023,372
JB,N2,5,3,NA,OP50,4/5/2023,372
JB,N2,5,2,NA,OP50,4/5/2023,372
JB,N2,5,2,NA,OP50,4/5/2023,372
JB,N2,5,4,NA,OP50,4/5/2023,372
JB,N2,5,1,NA,OP50,4/5/2023,372
JB,N2,5,2,NA,OP50,4/5/2023,372
JB,N2,5,2,NA,OP50,4/5/2023,372
JB,N2,5,1,NA,OP50,4/5/2023,372
JB,N2,5,2,NA,OP50,4/5/2023,372
JB,N2,5,1,NA,OP50,4/5/2023,372
JB,N2,5,3,NA,OP50,4/14/2023,373
JB,N2,5,2,NA,OP50,4/14/2023,373
JB,N2,5,3,NA,OP50,4/14/2023,373
JB,N2,5,2,NA,OP50,4/14/2023,373
JB,N2,5,2,NA,OP50,4/14/2023,373
JB,N2,5,1,NA,OP50,4/14/2023,373
JB,N2,5,3,NA,OP50,4/14/2023,373
JB,N2,5,3,NA,OP50,4/14/2023,373
JB,N2,5,3,NA,OP50,4/14/2023,373
JB,N2,5,2,NA,OP50,4/14/2023,373
JB,N2,5,3,NA,OP50,4/14/2023,373
JB,N2,5,1,NA,OP50,4/14/2023,373
JB,N2,5,2,NA,OP50,4/14/2023,373
JB,N2,5,3,NA,OP50,4/14/2023,373
JB,N2,5,1,NA,OP50,4/14/2023,373
JB,N2,5,2,NA,OP50,4/14/2023,373
JB,N2,5,3,NA,OP50,4/14/2023,373
JB,N2,5,3,NA,OP50,4/14/2023,373
JB,N2,5,2,NA,OP50,4/14/2023,373
JB,N2,5,3,NA,OP50,4/14/2023,373
JB,cest-1.2,5,3,NA,OP50,4/14/2023,374
JB,cest-1.2,5,1,NA,OP50,4/14/2023,374
JB,cest-1.2,5,2,NA,OP50,4/14/2023,374
JB,cest-1.2,5,2,NA,OP50,4/14/2023,374
JB,cest-1.2,5,3,NA,OP50,4/14/2023,374
JB,cest-1.2,5,2,NA,OP50,4/14/2023,374
JB,cest-1.2,5,3,NA,OP50,4/14/2023,374
JB,cest-1.2,5,2,NA,OP50,4/14/2023,374
JB,cest-1.2,5,3,NA,OP50,4/14/2023,374
JB,cest-1.2,5,3,NA,OP50,4/14/2023,374
JB,cest-1.2,5,2,NA,OP50,4/14/2023,374
JB,cest-1.2,5,2,NA,OP50,4/14/2023,374
JB,cest-1.2,5,2,NA,OP50,4/14/2023,374
JB,cest-1.2,5,3,NA,OP50,4/14/2023,374
JB,cest-1.2,5,4,NA,OP50,4/14/2023,374
JB,cest-1.2,5,3,NA,OP50,4/14/2023,374
JB,cest-1.2,5,1,NA,OP50,4/14/2023,374
JB,cest-1.2,5,2,NA,OP50,4/14/2023,374
JB,cest-1.2,5,3,NA,OP50,4/14/2023,374
JB,cest-1.2,5,1,NA,OP50,4/14/2023,374
JB,N2,5,4,NA,OP50,4/14/2023,375
JB,N2,5,3,NA,OP50,4/14/2023,375
JB,N2,5,2,NA,OP50,4/14/2023,375
JB,N2,5,5,NA,OP50,4/14/2023,375
JB,N2,5,3,NA,OP50,4/14/2023,375
JB,N2,5,3,NA,OP50,4/14/2023,375
JB,N2,5,2,NA,OP50,4/14/2023,375
JB,N2,5,4,NA,OP50,4/14/2023,375
JB,N2,5,4,NA,OP50,4/14/2023,375
JB,N2,5,3,NA,OP50,4/14/2023,375
JB,N2,5,3,NA,OP50,4/14/2023,375
JB,N2,5,2,NA,OP50,4/14/2023,375
JB,N2,5,3,NA,OP50,4/14/2023,375
JB,N2,5,2,NA,OP50,4/14/2023,375
JB,N2,5,3,NA,OP50,4/14/2023,375
JB,N2,5,3,NA,OP50,4/14/2023,375
JB,N2,5,4,NA,OP50,4/14/2023,375
JB,N2,5,3,NA,OP50,4/14/2023,375
JB,N2,5,2,NA,OP50,4/14/2023,375
JB,N2,5,3,NA,OP50,4/14/2023,375
JB,N2,5,3,NA,OP50,4/14/2023,375
JB,cest-1.2,5,1,NA,OP50,4/14/2023,376
JB,cest-1.2,5,3,NA,OP50,4/14/2023,376
JB,cest-1.2,5,2,NA,OP50,4/14/2023,376
JB,cest-1.2,5,2,NA,OP50,4/14/2023,376
JB,cest-1.2,5,1,NA,OP50,4/14/2023,376
JB,cest-1.2,5,2,NA,OP50,4/14/2023,376
JB,cest-1.2,5,3,NA,OP50,4/14/2023,376
JB,cest-1.2,5,3,NA,OP50,4/14/2023,376
JB,cest-1.2,5,1,NA,OP50,4/14/2023,376
JB,cest-1.2,5,2,NA,OP50,4/14/2023,376
JB,cest-1.2,5,5,NA,OP50,4/14/2023,376
JB,cest-1.2,5,2,NA,OP50,4/14/2023,376
JB,cest-1.2,5,3,NA,OP50,4/14/2023,376
JB,cest-1.2,5,2,NA,OP50,4/14/2023,376
JB,cest-1.2,5,2,NA,OP50,4/14/2023,376
JB,cest-1.2,5,3,NA,OP50,4/14/2023,376
JB,cest-1.2,5,1,NA,OP50,4/14/2023,376
JB,cest-1.2,5,3,NA,OP50,4/14/2023,376
JB,cest-1.2,5,2,NA,OP50,4/14/2023,376
JB,cest-1.2,5,2,NA,OP50,4/14/2023,376
