observer,genotype,time_off_food_min,bends,additive,food,date,plate,...9,...10
JB,N2,5,5,NA,OP50,2021-06-02,1,NA,NA
JB,N2,5,6,NA,OP50,2021-06-02,1,NA,NA
JB,N2,5,2,NA,OP50,2021-06-02,1,NA,NA
JB,N2,5,6,NA,OP50,2021-06-02,1,NA,NA
JB,N2,5,3,NA,OP50,2021-06-02,1,NA,NA
JB,N2,5,4,NA,OP50,2021-06-02,1,NA,NA
JB,N2,5,4,NA,OP50,2021-06-02,1,NA,NA
JB,N2,5,4,NA,OP50,2021-06-02,1,NA,NA
JB,N2,5,4,NA,OP50,2021-06-02,1,NA,NA
JB,cest-1.2,5,2,NA,OP50,2021-06-02,2,NA,NA
JB,cest-1.2,5,4,NA,OP50,2021-06-02,2,NA,NA
JB,cest-1.2,5,3,NA,OP50,2021-06-02,2,NA,NA
JB,cest-1.2,5,4,NA,OP50,2021-06-02,2,NA,NA
JB,cest-1.2,5,4,NA,OP50,2021-06-02,2,NA,NA
JB,cest-1.2,5,6,NA,OP50,2021-06-02,2,NA,NA
JB,cest-1.2,5,3,NA,OP50,2021-06-02,2,NA,NA
JB,cest-1.2,5,5,NA,OP50,2021-06-02,2,NA,NA
JB,cest-1.2,5,4,NA,OP50,2021-06-02,2,NA,NA
JB,cest-1.2,5,3,NA,OP50,2021-06-02,2,NA,NA
JB,N2,5,5,NA,OP50,2021-06-16,11,NA,NA
JB,N2,5,7,NA,OP50,2021-06-16,11,NA,NA
JB,N2,5,2,NA,OP50,2021-06-16,11,NA,NA
JB,N2,5,5,NA,OP50,2021-06-16,11,NA,NA
JB,N2,5,4,NA,OP50,2021-06-16,11,NA,NA
JB,N2,5,8,NA,OP50,2021-06-16,11,NA,NA
JB,N2,5,2,NA,OP50,2021-06-16,11,NA,NA
JB,N2,5,3,NA,OP50,2021-06-16,11,NA,NA
JB,N2,5,3,NA,OP50,2021-06-16,11,NA,NA
JB,N2,5,6,NA,OP50,2021-06-16,11,NA,NA
JB,N2,5,4,NA,OP50,2021-06-16,12,NA,NA
JB,N2,5,4,NA,OP50,2021-06-16,12,NA,NA
JB,N2,5,3,NA,OP50,2021-06-16,12,NA,NA
JB,N2,5,8,NA,OP50,2021-06-16,12,NA,NA
JB,N2,5,5,NA,OP50,2021-06-16,12,NA,NA
JB,N2,5,4,NA,OP50,2021-06-16,12,NA,NA
JB,N2,5,4,NA,OP50,2021-06-16,12,NA,NA
JB,N2,5,4,NA,OP50,2021-06-16,12,NA,NA
JB,N2,5,3,NA,OP50,2021-06-16,12,NA,NA
JB,N2,5,5,NA,OP50,2021-06-16,12,NA,NA
JB,cest-1.2,5,3,NA,OP50,2021-06-16,13,NA,NA
JB,cest-1.2,5,3,NA,OP50,2021-06-16,13,NA,NA
JB,cest-1.2,5,3,NA,OP50,2021-06-16,13,NA,NA
JB,cest-1.2,5,4,NA,OP50,2021-06-16,13,NA,NA
JB,cest-1.2,5,11,NA,OP50,2021-06-16,13,NA,NA
JB,cest-1.2,5,2,NA,OP50,2021-06-16,13,NA,NA
JB,cest-1.2,5,2,NA,OP50,2021-06-16,13,NA,NA
JB,cest-1.2,5,3,NA,OP50,2021-06-16,13,NA,NA
JB,cest-1.2,5,3,NA,OP50,2021-06-16,13,NA,NA
JB,cest-1.2,5,4,NA,OP50,2021-06-16,13,NA,NA
JB,cest-1.2,5,2,NA,OP50,2021-06-16,14,NA,NA
JB,cest-1.2,5,3,NA,OP50,2021-06-16,14,NA,NA
JB,cest-1.2,5,3,NA,OP50,2021-06-16,14,NA,NA
JB,cest-1.2,5,4,NA,OP50,2021-06-16,14,NA,NA
JB,cest-1.2,5,4,NA,OP50,2021-06-16,14,NA,NA
JB,cest-1.2,5,6,NA,OP50,2021-06-16,14,NA,NA
JB,cest-1.2,5,7,NA,OP50,2021-06-16,14,NA,NA
JB,cest-1.2,5,4,NA,OP50,2021-06-16,14,NA,NA
JB,cest-1.2,5,3,NA,OP50,2021-06-16,14,NA,NA
JB,cest-1.2,5,5,NA,OP50,2021-06-16,14,NA,NA
JB,cest-1.2,5,4,NA,OP50,2021-06-25,15,NA,NA
JB,cest-1.2,5,4,NA,OP50,2021-06-25,15,NA,NA
JB,cest-1.2,5,5,NA,OP50,2021-06-25,15,NA,NA
JB,cest-1.2,5,3,NA,OP50,2021-06-25,15,NA,NA
JB,cest-1.2,5,3,NA,OP50,2021-06-25,15,NA,NA
JB,cest-1.2,5,4,NA,OP50,2021-06-25,15,NA,NA
JB,cest-1.2,5,2,NA,OP50,2021-06-25,15,NA,NA
JB,cest-1.2,5,3,NA,OP50,2021-06-25,15,NA,NA
JB,cest-1.2,5,4,NA,OP50,2021-06-25,15,NA,NA
JB,cest-1.2,5,4,NA,OP50,2021-06-25,15,NA,NA
JB,cest-1.2,5,3,NA,OP50,2021-06-25,16,NA,NA
JB,cest-1.2,5,7,NA,OP50,2021-06-25,16,NA,NA
JB,cest-1.2,5,4,NA,OP50,2021-06-25,16,NA,NA
JB,cest-1.2,5,4,NA,OP50,2021-06-25,16,NA,NA
JB,cest-1.2,5,4,NA,OP50,2021-06-25,16,NA,NA
JB,cest-1.2,5,2,NA,OP50,2021-06-25,16,NA,NA
JB,cest-1.2,5,6,NA,OP50,2021-06-25,16,NA,NA
JB,cest-1.2,5,3,NA,OP50,2021-06-25,16,NA,NA
JB,cest-1.2,5,4,NA,OP50,2021-06-25,16,NA,NA
JB,cest-1.2,5,7,NA,OP50,2021-06-25,16,NA,NA
JB,N2,5,3,NA,OP50,2021-06-25,17,NA,NA
JB,N2,5,4,NA,OP50,2021-06-25,17,NA,NA
JB,N2,5,3,NA,OP50,2021-06-25,17,NA,NA
JB,N2,5,5,NA,OP50,2021-06-25,17,NA,NA
JB,N2,5,6,NA,OP50,2021-06-25,17,NA,NA
JB,N2,5,8,NA,OP50,2021-06-25,17,NA,NA
JB,N2,5,3,NA,OP50,2021-06-25,17,NA,NA
JB,N2,5,4,NA,OP50,2021-06-25,17,NA,NA
JB,N2,5,4,NA,OP50,2021-06-25,17,NA,NA
JB,N2,5,3,NA,OP50,2021-06-25,17,NA,NA
JB,N2,5,4,NA,OP50,2021-06-25,18,NA,NA
JB,N2,5,5,NA,OP50,2021-06-25,18,NA,NA
JB,N2,5,7,NA,OP50,2021-06-25,18,NA,NA
JB,N2,5,4,NA,OP50,2021-06-25,18,NA,NA
JB,N2,5,3,NA,OP50,2021-06-25,18,NA,NA
JB,N2,5,5,NA,OP50,2021-06-25,18,NA,NA
JB,N2,5,5,NA,OP50,2021-06-25,18,NA,NA
JB,N2,5,5,NA,OP50,2021-06-25,18,NA,NA
JB,N2,5,5,NA,OP50,2021-06-25,18,NA,NA
JB,N2,5,6,NA,OP50,2021-06-25,18,NA,NA
JB,N2,5,3,NA,OP50,2021-07-08,43,NA,NA
JB,N2,5,4,NA,OP50,2021-07-08,43,NA,NA
JB,N2,5,2,NA,OP50,2021-07-08,43,NA,NA
JB,N2,5,4,NA,OP50,2021-07-08,43,NA,NA
JB,N2,5,2,NA,OP50,2021-07-08,43,NA,NA
JB,N2,5,4,NA,OP50,2021-07-08,43,NA,NA
JB,N2,5,4,NA,OP50,2021-07-08,43,NA,NA
JB,N2,5,2,NA,OP50,2021-07-08,43,NA,NA
JB,N2,5,5,NA,OP50,2021-07-08,43,NA,NA
JB,N2,5,5,NA,OP50,2021-07-08,43,NA,NA
JB,N2,5,4,NA,OP50,2021-07-08,44,NA,NA
JB,N2,5,6,NA,OP50,2021-07-08,44,NA,NA
JB,N2,5,3,NA,OP50,2021-07-08,44,NA,NA
JB,N2,5,3,NA,OP50,2021-07-08,44,NA,NA
JB,N2,5,3,NA,OP50,2021-07-08,44,NA,NA
JB,N2,5,1,NA,OP50,2021-07-08,44,NA,NA
JB,N2,5,4,NA,OP50,2021-07-08,44,NA,NA
JB,N2,5,3,NA,OP50,2021-07-08,44,NA,NA
JB,N2,5,2,NA,OP50,2021-07-08,44,NA,NA
JB,N2,5,3,NA,OP50,2021-07-08,44,NA,NA
JB,cest-1.2,5,3,NA,OP50,2021-07-08,47,NA,NA
JB,cest-1.2,5,5,NA,OP50,2021-07-08,47,NA,NA
JB,cest-1.2,5,2,NA,OP50,2021-07-08,47,NA,NA
JB,cest-1.2,5,2,NA,OP50,2021-07-08,47,NA,NA
JB,cest-1.2,5,5,NA,OP50,2021-07-08,47,NA,NA
JB,cest-1.2,5,4,NA,OP50,2021-07-08,47,NA,NA
JB,cest-1.2,5,4,NA,OP50,2021-07-08,47,NA,NA
JB,cest-1.2,5,5,NA,OP50,2021-07-08,47,NA,NA
JB,cest-1.2,5,2,NA,OP50,2021-07-08,47,NA,NA
JB,cest-1.2,5,2,NA,OP50,2021-07-08,47,NA,NA
JB,cest-1.2,5,4,NA,OP50,2021-07-08,48,NA,NA
JB,cest-1.2,5,4,NA,OP50,2021-07-08,48,NA,NA
JB,cest-1.2,5,5,NA,OP50,2021-07-08,48,NA,NA
JB,cest-1.2,5,3,NA,OP50,2021-07-08,48,NA,NA
JB,cest-1.2,5,3,NA,OP50,2021-07-08,48,NA,NA
JB,cest-1.2,5,4,NA,OP50,2021-07-08,48,NA,NA
JB,cest-1.2,5,3,NA,OP50,2021-07-08,48,NA,NA
JB,cest-1.2,5,4,NA,OP50,2021-07-08,48,NA,NA
JB,cest-1.2,5,5,NA,OP50,2021-07-08,48,NA,NA
JB,cest-1.2,5,5,NA,OP50,2021-07-08,48,NA,NA
JB,N2,5,3,NA,OP50,2021-07-14,65,NA,NA
JB,N2,5,4,NA,OP50,2021-07-14,65,NA,NA
JB,N2,5,2,NA,OP50,2021-07-14,65,NA,NA
JB,N2,5,4,NA,OP50,2021-07-14,65,NA,NA
JB,N2,5,4,NA,OP50,2021-07-14,65,NA,NA
JB,N2,5,7,NA,OP50,2021-07-14,65,NA,NA
JB,N2,5,5,NA,OP50,2021-07-14,65,NA,NA
JB,N2,5,3,NA,OP50,2021-07-14,65,NA,NA
JB,N2,5,3,NA,OP50,2021-07-14,65,NA,NA
JB,N2,5,3,NA,OP50,2021-07-14,65,NA,NA
JB,N2,5,3,NA,OP50,2021-07-14,66,NA,NA
JB,N2,5,3,NA,OP50,2021-07-14,66,NA,NA
JB,N2,5,4,NA,OP50,2021-07-14,66,NA,NA
JB,N2,5,4,NA,OP50,2021-07-14,66,NA,NA
JB,N2,5,4,NA,OP50,2021-07-14,66,NA,NA
JB,N2,5,3,NA,OP50,2021-07-14,66,NA,NA
JB,N2,5,7,NA,OP50,2021-07-14,66,NA,NA
JB,N2,5,5,NA,OP50,2021-07-14,66,NA,NA
JB,N2,5,2,NA,OP50,2021-07-14,66,NA,NA
JB,cest-1.2,5,4,NA,OP50,2021-07-14,67,NA,NA
JB,cest-1.2,5,2,NA,OP50,2021-07-14,67,NA,NA
JB,cest-1.2,5,4,NA,OP50,2021-07-14,67,NA,NA
JB,cest-1.2,5,2,NA,OP50,2021-07-14,67,NA,NA
JB,cest-1.2,5,3,NA,OP50,2021-07-14,67,NA,NA
JB,cest-1.2,5,5,NA,OP50,2021-07-14,67,NA,NA
JB,cest-1.2,5,3,NA,OP50,2021-07-14,67,NA,NA
JB,cest-1.2,5,4,NA,OP50,2021-07-14,67,NA,NA
JB,cest-1.2,5,3,NA,OP50,2021-07-14,67,NA,NA
JB,cest-1.2,5,7,NA,OP50,2021-07-14,67,NA,NA
JB,cest-1.2,5,2,NA,OP50,2021-07-14,68,NA,NA
JB,cest-1.2,5,2,NA,OP50,2021-07-14,68,NA,NA
JB,cest-1.2,5,3,NA,OP50,2021-07-14,68,NA,NA
JB,cest-1.2,5,3,NA,OP50,2021-07-14,68,NA,NA
JB,cest-1.2,5,2,NA,OP50,2021-07-14,68,NA,NA
JB,cest-1.2,5,3,NA,OP50,2021-07-14,68,NA,NA
JB,cest-1.2,5,4,NA,OP50,2021-07-14,68,NA,NA
JB,cest-1.2,5,2,NA,OP50,2021-07-14,68,NA,NA
JB,cest-1.2,5,2,NA,OP50,2021-07-14,68,NA,NA
JB,N2,5,4,NA,OP50,2021-07-23,77,NA,NA
JB,N2,5,3,NA,OP50,2021-07-23,77,NA,NA
JB,N2,5,7,NA,OP50,2021-07-23,77,NA,NA
JB,N2,5,2,NA,OP50,2021-07-23,77,NA,NA
JB,N2,5,4,NA,OP50,2021-07-23,77,NA,NA
JB,N2,5,6,NA,OP50,2021-07-23,77,NA,NA
JB,N2,5,3,NA,OP50,2021-07-23,77,NA,NA
JB,N2,5,3,NA,OP50,2021-07-23,77,NA,NA
JB,N2,5,4,NA,OP50,2021-07-23,77,NA,NA
JB,N2,5,5,NA,OP50,2021-07-23,77,NA,NA
JB,N2,5,3,NA,OP50,2021-07-23,77,NA,NA
JB,cest-1.2,5,2,NA,OP50,2021-07-23,79,NA,NA
JB,cest-1.2,5,2,NA,OP50,2021-07-23,79,NA,NA
JB,cest-1.2,5,4,NA,OP50,2021-07-23,79,NA,NA
JB,cest-1.2,5,4,NA,OP50,2021-07-23,79,NA,NA
JB,cest-1.2,5,3,NA,OP50,2021-07-23,79,NA,NA
JB,cest-1.2,5,3,NA,OP50,2021-07-23,79,NA,NA
JB,cest-1.2,5,4,NA,OP50,2021-07-23,79,NA,NA
JB,cest-1.2,5,2,NA,OP50,2021-07-23,79,NA,NA
JB,cest-1.2,5,3,NA,OP50,2021-07-23,79,NA,NA
JB,cest-1.2,5,4,NA,OP50,2021-07-23,79,NA,NA
JB,cest-1.2,5,4,NA,OP50,2021-07-23,80,NA,NA
JB,cest-1.2,5,1,NA,OP50,2021-07-23,80,NA,NA
JB,cest-1.2,5,3,NA,OP50,2021-07-23,80,NA,NA
JB,cest-1.2,5,4,NA,OP50,2021-07-23,80,NA,NA
JB,cest-1.2,5,3,NA,OP50,2021-07-23,80,NA,NA
JB,cest-1.2,5,3,NA,OP50,2021-07-23,80,NA,NA
JB,cest-1.2,5,5,NA,OP50,2021-07-23,80,NA,NA
JB,cest-1.2,5,5,NA,OP50,2021-07-23,80,NA,NA
JB,cest-1.2,5,4,NA,OP50,2021-07-23,80,NA,NA
JB,cest-1.2,5,5,NA,OP50,2021-07-23,80,NA,NA
JB,cest-1.2,5,3,NA,OP50,2021-07-23,81,NA,NA
JB,cest-1.2,5,6,NA,OP50,2021-07-23,81,NA,NA
JB,cest-1.2,5,2,NA,OP50,2021-07-23,81,NA,NA
JB,cest-1.2,5,3,NA,OP50,2021-07-23,81,NA,NA
JB,cest-1.2,5,5,NA,OP50,2021-07-23,81,NA,NA
JB,cest-1.2,5,4,NA,OP50,2021-07-23,81,NA,NA
JB,cest-1.2,5,4,NA,OP50,2021-07-23,81,NA,NA
JB,cest-1.2,5,3,NA,OP50,2021-07-23,81,NA,NA
JB,cest-1.2,5,4,NA,OP50,2021-07-23,81,NA,NA
JB,cest-1.2,5,7,NA,OP50,2021-07-23,81,NA,NA
JB,cest-1.2,5,3,NA,OP50,2021-07-23,82,NA,NA
JB,cest-1.2,5,4,NA,OP50,2021-07-23,82,NA,NA
JB,cest-1.2,5,2,NA,OP50,2021-07-23,82,NA,NA
JB,cest-1.2,5,3,NA,OP50,2021-07-23,82,NA,NA
JB,cest-1.2,5,3,NA,OP50,2021-07-23,82,NA,NA
JB,cest-1.2,5,2,NA,OP50,2021-07-23,82,NA,NA
JB,cest-1.2,5,4,NA,OP50,2021-07-23,82,NA,NA
JB,cest-1.2,5,5,NA,OP50,2021-07-23,82,NA,NA
JB,cest-1.2,5,3,NA,OP50,2021-07-23,82,NA,NA
JB,N2,5,7,NA,OP50,2021-07-23,83,NA,NA
JB,N2,5,6,NA,OP50,2021-07-23,83,NA,NA
JB,N2,5,4,NA,OP50,2021-07-23,83,NA,NA
JB,N2,5,3,NA,OP50,2021-07-23,83,NA,NA
JB,N2,5,4,NA,OP50,2021-07-23,83,NA,NA
JB,N2,5,5,NA,OP50,2021-07-23,83,NA,NA
JB,N2,5,5,NA,OP50,2021-07-23,83,NA,NA
JB,N2,5,6,NA,OP50,2021-07-23,83,NA,NA
JB,N2,5,6,NA,OP50,2021-07-23,83,NA,NA
JB,N2,5,4,NA,OP50,2021-07-23,84,NA,NA
JB,N2,5,4,NA,OP50,2021-07-23,84,NA,NA
JB,N2,5,5,NA,OP50,2021-07-23,84,NA,NA
JB,N2,5,4,NA,OP50,2021-07-23,84,NA,NA
JB,N2,5,3,NA,OP50,2021-07-23,84,NA,NA
JB,N2,5,4,NA,OP50,2021-07-23,84,NA,NA
JB,N2,5,5,NA,OP50,2021-07-23,84,NA,NA
JB,N2,5,5,NA,OP50,2021-07-23,84,NA,NA
JB,N2,5,5,NA,OP50,2021-07-23,84,NA,NA
JB,N2,5,4,NA,OP50,2021-08-11,117,NA,NA
JB,N2,5,3,NA,OP50,2021-08-11,117,NA,NA
JB,N2,5,4,NA,OP50,2021-08-11,117,NA,NA
JB,N2,5,4,NA,OP50,2021-08-11,117,NA,NA
JB,N2,5,3,NA,OP50,2021-08-11,117,NA,NA
JB,N2,5,3,NA,OP50,2021-08-11,117,NA,NA
JB,N2,5,3,NA,OP50,2021-08-11,117,NA,NA
JB,N2,5,3,NA,OP50,2021-08-11,117,NA,NA
JB,N2,5,5,NA,OP50,2021-08-11,117,NA,NA
JB,N2,5,4,NA,OP50,2021-08-11,117,NA,NA
JB,N2,5,5,NA,OP50,2021-08-11,118,NA,NA
JB,N2,5,3,NA,OP50,2021-08-11,118,NA,NA
JB,N2,5,3,NA,OP50,2021-08-11,118,NA,NA
JB,N2,5,5,NA,OP50,2021-08-11,118,NA,NA
JB,N2,5,8,NA,OP50,2021-08-11,118,NA,NA
JB,N2,5,3,NA,OP50,2021-08-11,118,NA,NA
JB,N2,5,3,NA,OP50,2021-08-11,118,NA,NA
JB,N2,5,4,NA,OP50,2021-08-11,118,NA,NA
JB,N2,5,5,NA,OP50,2021-08-11,118,NA,NA
JB,N2,5,2,NA,OP50,2021-08-11,118,NA,NA
JB,cest-1.2,5,3,NA,OP50,2021-08-11,119,NA,NA
JB,cest-1.2,5,3,NA,OP50,2021-08-11,119,NA,NA
JB,cest-1.2,5,4,NA,OP50,2021-08-11,119,NA,NA
JB,cest-1.2,5,3,NA,OP50,2021-08-11,119,NA,NA
JB,cest-1.2,5,4,NA,OP50,2021-08-11,119,NA,NA
JB,cest-1.2,5,3,NA,OP50,2021-08-11,119,NA,NA
JB,cest-1.2,5,3,NA,OP50,2021-08-11,119,NA,NA
JB,cest-1.2,5,3,NA,OP50,2021-08-11,119,NA,NA
JB,cest-1.2,5,2,NA,OP50,2021-08-11,119,NA,NA
JB,cest-1.2,5,5,NA,OP50,2021-08-11,119,NA,NA
JB,cest-1.2,5,2,NA,OP50,2021-08-11,120,NA,NA
JB,cest-1.2,5,1,NA,OP50,2021-08-11,120,NA,NA
JB,cest-1.2,5,1,NA,OP50,2021-08-11,120,NA,NA
JB,cest-1.2,5,2,NA,OP50,2021-08-11,120,NA,NA
JB,cest-1.2,5,2,NA,OP50,2021-08-11,120,NA,NA
JB,cest-1.2,5,3,NA,OP50,2021-08-11,120,NA,NA
JB,cest-1.2,5,3,NA,OP50,2021-08-11,120,NA,NA
JB,cest-1.2,5,4,NA,OP50,2021-08-11,120,NA,NA
JB,cest-1.2,5,2,NA,OP50,2021-08-11,120,NA,NA
JB,cest-1.2,5,5,NA,OP50,2021-08-11,120,NA,NA
JB,N2,5,4,NA,OP50,2021-10-26,141,NA,NA
JB,N2,5,4,NA,OP50,2021-10-26,141,NA,NA
JB,N2,5,5,NA,OP50,2021-10-26,141,NA,NA
JB,N2,5,2,NA,OP50,2021-10-26,141,NA,NA
JB,N2,5,5,NA,OP50,2021-10-26,141,NA,NA
JB,N2,5,3,NA,OP50,2021-10-26,141,NA,NA
JB,N2,5,5,NA,OP50,2021-10-26,141,NA,NA
JB,N2,5,6,NA,OP50,2021-10-26,141,NA,NA
JB,N2,5,3,NA,OP50,2021-10-26,141,NA,NA
JB,N2,5,3,NA,OP50,2021-10-26,141,NA,NA
JB,N2,5,3,NA,OP50,2021-10-26,142,NA,NA
JB,N2,5,3,NA,OP50,2021-10-26,142,NA,NA
JB,N2,5,2,NA,OP50,2021-10-26,142,NA,NA
JB,N2,5,5,NA,OP50,2021-10-26,142,NA,NA
JB,N2,5,8,NA,OP50,2021-10-26,142,NA,NA
JB,N2,5,4,NA,OP50,2021-10-26,142,NA,NA
JB,N2,5,3,NA,OP50,2021-10-26,142,NA,NA
JB,N2,5,3,NA,OP50,2021-10-26,142,NA,NA
JB,N2,5,5,NA,OP50,2021-10-26,142,NA,NA
JB,N2,5,3,NA,OP50,2021-10-26,142,NA,NA
JB,cest-1.2,5,3,NA,OP50,2021-10-26,143,NA,NA
JB,cest-1.2,5,4,NA,OP50,2021-10-26,143,NA,NA
JB,cest-1.2,5,1,NA,OP50,2021-10-26,143,NA,NA
JB,cest-1.2,5,2,NA,OP50,2021-10-26,143,NA,NA
JB,cest-1.2,5,3,NA,OP50,2021-10-26,143,NA,NA
JB,cest-1.2,5,4,NA,OP50,2021-10-26,143,NA,NA
JB,cest-1.2,5,3,NA,OP50,2021-10-26,143,NA,NA
JB,cest-1.2,5,3,NA,OP50,2021-10-26,143,NA,NA
JB,cest-1.2,5,3,NA,OP50,2021-10-26,143,NA,NA
JB,cest-1.2,5,3,NA,OP50,2021-10-26,144,NA,NA
JB,cest-1.2,5,3,NA,OP50,2021-10-26,144,NA,NA
JB,cest-1.2,5,1,NA,OP50,2021-10-26,144,NA,NA
JB,cest-1.2,5,3,NA,OP50,2021-10-26,144,NA,NA
JB,cest-1.2,5,2,NA,OP50,2021-10-26,144,NA,NA
JB,cest-1.2,5,4,NA,OP50,2021-10-26,144,NA,NA
JB,cest-1.2,5,3,NA,OP50,2021-10-26,144,NA,NA
JB,cest-1.2,5,3,NA,OP50,2021-10-26,144,NA,NA
JB,cest-1.2,5,2,NA,OP50,2021-10-26,144,NA,NA
JB,cest-1.2,5,4,NA,OP50,2021-10-26,144,NA,NA
JB,cest-1.2,5,1,NA,OP50,2021-12-07,171,NA,NA
JB,cest-1.2,5,4,NA,OP50,2021-12-07,171,NA,NA
JB,cest-1.2,5,3,NA,OP50,2021-12-07,171,NA,NA
JB,cest-1.2,5,3,NA,OP50,2021-12-07,171,NA,NA
JB,cest-1.2,5,2,NA,OP50,2021-12-07,171,NA,NA
JB,cest-1.2,5,6,NA,OP50,2021-12-07,171,NA,NA
JB,cest-1.2,5,3,NA,OP50,2021-12-07,171,NA,NA
JB,cest-1.2,5,3,NA,OP50,2021-12-07,171,NA,NA
JB,cest-1.2,5,2,NA,OP50,2021-12-07,171,NA,NA
JB,cest-1.2,5,2,NA,OP50,2021-12-07,171,NA,NA
JB,cest-1.2,5,4,NA,OP50,2021-12-07,172,NA,NA
JB,cest-1.2,5,7,NA,OP50,2021-12-07,172,NA,NA
JB,cest-1.2,5,1,NA,OP50,2021-12-07,172,NA,NA
JB,cest-1.2,5,6,NA,OP50,2021-12-07,172,NA,NA
JB,cest-1.2,5,2,NA,OP50,2021-12-07,172,NA,NA
JB,cest-1.2,5,4,NA,OP50,2021-12-07,172,NA,NA
JB,cest-1.2,5,2,NA,OP50,2021-12-07,172,NA,NA
JB,cest-1.2,5,4,NA,OP50,2021-12-07,172,NA,NA
JB,cest-1.2,5,2,NA,OP50,2021-12-07,172,NA,NA
JB,N2,5,8,NA,OP50,2021-12-07,173,NA,NA
JB,N2,5,6,NA,OP50,2021-12-07,173,NA,NA
JB,N2,5,4,NA,OP50,2021-12-07,173,NA,NA
JB,N2,5,3,NA,OP50,2021-12-07,173,NA,NA
JB,N2,5,5,NA,OP50,2021-12-07,173,NA,NA
JB,N2,5,9,NA,OP50,2021-12-07,173,NA,NA
JB,N2,5,4,NA,OP50,2021-12-07,173,NA,NA
JB,N2,5,4,NA,OP50,2021-12-07,173,NA,NA
JB,N2,5,2,NA,OP50,2021-12-07,173,NA,NA
JB,N2,5,3,NA,OP50,2021-12-07,173,NA,NA
JB,N2,5,2,NA,OP50,2021-12-07,174,NA,NA
JB,N2,5,6,NA,OP50,2021-12-07,174,NA,NA
JB,N2,5,5,NA,OP50,2021-12-07,174,NA,NA
JB,N2,5,7,NA,OP50,2021-12-07,174,NA,NA
JB,N2,5,2,NA,OP50,2021-12-07,174,NA,NA
JB,N2,5,2,NA,OP50,2021-12-07,174,NA,NA
JB,N2,5,2,NA,OP50,2021-12-07,174,NA,NA
JB,N2,5,7,NA,OP50,2021-12-07,174,NA,NA
JB,N2,5,3,NA,OP50,2021-12-07,174,NA,NA
JB,N2,5,3,NA,OP50,2021-12-07,174,NA,NA
JB,cest-1.2,5,7,NA,OP50,2021-12-14,177,NA,NA
JB,cest-1.2,5,2,NA,OP50,2021-12-14,177,NA,NA
JB,cest-1.2,5,5,NA,OP50,2021-12-14,177,NA,NA
JB,cest-1.2,5,4,NA,OP50,2021-12-14,177,NA,NA
JB,cest-1.2,5,2,NA,OP50,2021-12-14,177,NA,NA
JB,cest-1.2,5,5,NA,OP50,2021-12-14,177,NA,NA
JB,cest-1.2,5,1,NA,OP50,2021-12-14,177,NA,NA
JB,cest-1.2,5,5,NA,OP50,2021-12-14,177,NA,NA
JB,cest-1.2,5,3,NA,OP50,2021-12-14,177,NA,NA
JB,cest-1.2,5,3,NA,OP50,2021-12-14,178,NA,NA
JB,cest-1.2,5,4,NA,OP50,2021-12-14,178,NA,NA
JB,cest-1.2,5,2,NA,OP50,2021-12-14,178,NA,NA
JB,cest-1.2,5,2,NA,OP50,2021-12-14,178,NA,NA
JB,cest-1.2,5,2,NA,OP50,2021-12-14,178,NA,NA
JB,cest-1.2,5,4,NA,OP50,2021-12-14,178,NA,NA
JB,cest-1.2,5,6,NA,OP50,2021-12-14,178,NA,NA
JB,cest-1.2,5,2,NA,OP50,2021-12-14,178,NA,NA
JB,cest-1.2,5,2,NA,OP50,2021-12-14,178,NA,NA
JB,cest-1.2,5,4,NA,OP50,2021-12-14,178,NA,NA
JB,N2,5,4,NA,OP50,2021-12-14,179,NA,NA
JB,N2,5,6,NA,OP50,2021-12-14,179,NA,NA
JB,N2,5,5,NA,OP50,2021-12-14,179,NA,NA
JB,N2,5,6,NA,OP50,2021-12-14,179,NA,NA
JB,N2,5,2,NA,OP50,2021-12-14,179,NA,NA
JB,N2,5,3,NA,OP50,2021-12-14,179,NA,NA
JB,N2,5,3,NA,OP50,2021-12-14,179,NA,NA
JB,N2,5,2,NA,OP50,2021-12-14,179,NA,NA
JB,N2,5,3,NA,OP50,2021-12-14,179,NA,NA
JB,N2,5,4,NA,OP50,2021-12-14,179,NA,NA
JB,N2,5,3,NA,OP50,2021-12-14,180,NA,NA
JB,N2,5,6,NA,OP50,2021-12-14,180,NA,NA
JB,N2,5,2,NA,OP50,2021-12-14,180,NA,NA
JB,N2,5,2,NA,OP50,2021-12-14,180,NA,NA
JB,N2,5,3,NA,OP50,2021-12-14,180,NA,NA
JB,N2,5,1,NA,OP50,2021-12-14,180,NA,NA
JB,N2,5,1,NA,OP50,2021-12-14,180,NA,NA
JB,N2,5,3,NA,OP50,2021-12-14,180,NA,NA
JB,N2,5,3,NA,OP50,2021-12-14,180,NA,NA
JB,N2,5,3,NA,OP50,2022-01-31,185,NA,NA
JB,N2,5,6,NA,OP50,2022-01-31,185,NA,NA
JB,N2,5,4,NA,OP50,2022-01-31,185,NA,NA
JB,N2,5,1,NA,OP50,2022-01-31,185,NA,NA
JB,N2,5,5,NA,OP50,2022-01-31,185,NA,NA
JB,N2,5,6,NA,OP50,2022-01-31,185,NA,NA
JB,N2,5,5,NA,OP50,2022-01-31,185,NA,NA
JB,N2,5,4,NA,OP50,2022-01-31,185,NA,NA
JB,N2,5,2,NA,OP50,2022-01-31,185,NA,NA
JB,N2,5,6,NA,OP50,2022-01-31,185,NA,NA
JB,N2,5,1,NA,OP50,2022-01-31,186,NA,NA
JB,N2,5,4,NA,OP50,2022-01-31,186,NA,NA
JB,N2,5,4,NA,OP50,2022-01-31,186,NA,NA
JB,N2,5,3,NA,OP50,2022-01-31,186,NA,NA
JB,N2,5,5,NA,OP50,2022-01-31,186,NA,NA
JB,N2,5,6,NA,OP50,2022-01-31,186,NA,NA
JB,N2,5,2,NA,OP50,2022-01-31,186,NA,NA
JB,N2,5,5,NA,OP50,2022-01-31,186,NA,NA
JB,N2,5,4,NA,OP50,2022-01-31,186,NA,NA
JB,N2,5,4,NA,OP50,2022-01-31,186,NA,NA
JB,cest-1.2,5,3,NA,OP50,2022-01-31,187,NA,NA
JB,cest-1.2,5,2,NA,OP50,2022-01-31,187,NA,NA
JB,cest-1.2,5,1,NA,OP50,2022-01-31,187,NA,NA
JB,cest-1.2,5,3,NA,OP50,2022-01-31,187,NA,NA
JB,cest-1.2,5,3,NA,OP50,2022-01-31,187,NA,NA
JB,cest-1.2,5,1,NA,OP50,2022-01-31,187,NA,NA
JB,cest-1.2,5,6,NA,OP50,2022-01-31,187,NA,NA
JB,cest-1.2,5,4,NA,OP50,2022-01-31,187,NA,NA
JB,cest-1.2,5,3,NA,OP50,2022-01-31,187,NA,NA
JB,cest-1.2,5,2,NA,OP50,2022-01-31,187,NA,NA
JB,cest-1.2,5,1,NA,OP50,2022-01-31,188,NA,NA
JB,cest-1.2,5,4,NA,OP50,2022-01-31,188,NA,NA
JB,cest-1.2,5,4,NA,OP50,2022-01-31,188,NA,NA
JB,cest-1.2,5,4,NA,OP50,2022-01-31,188,NA,NA
JB,cest-1.2,5,3,NA,OP50,2022-01-31,188,NA,NA
JB,cest-1.2,5,3,NA,OP50,2022-01-31,188,NA,NA
JB,cest-1.2,5,2,NA,OP50,2022-01-31,188,NA,NA
JB,cest-1.2,5,3,NA,OP50,2022-01-31,188,NA,NA
JB,cest-1.2,5,3,NA,OP50,2022-01-31,188,NA,NA
JB,cest-1.2,5,4,NA,OP50,2022-01-31,188,NA,NA
JB,N2,5,4,NA,OP50,2022-02-04,189,NA,NA
JB,N2,5,5,NA,OP50,2022-02-04,189,NA,NA
JB,N2,5,4,NA,OP50,2022-02-04,189,NA,NA
JB,N2,5,3,NA,OP50,2022-02-04,189,NA,NA
JB,N2,5,3,NA,OP50,2022-02-04,189,NA,NA
JB,N2,5,2,NA,OP50,2022-02-04,189,NA,NA
JB,N2,5,3,NA,OP50,2022-02-04,189,NA,NA
JB,N2,5,7,NA,OP50,2022-02-04,189,NA,NA
JB,N2,5,2,NA,OP50,2022-02-04,189,NA,NA
JB,N2,5,4,NA,OP50,2022-02-04,189,NA,NA
JB,N2,5,4,NA,OP50,2022-02-04,190,NA,NA
JB,N2,5,4,NA,OP50,2022-02-04,190,NA,NA
JB,N2,5,1,NA,OP50,2022-02-04,190,NA,NA
JB,N2,5,3,NA,OP50,2022-02-04,190,NA,NA
JB,N2,5,2,NA,OP50,2022-02-04,190,NA,NA
JB,N2,5,4,NA,OP50,2022-02-04,190,NA,NA
JB,N2,5,4,NA,OP50,2022-02-04,190,NA,NA
JB,N2,5,4,NA,OP50,2022-02-04,190,NA,NA
JB,N2,5,6,NA,OP50,2022-02-04,190,NA,NA
JB,N2,5,3,NA,OP50,2022-02-04,190,NA,NA
JB,cest-1.2,5,6,NA,OP50,2022-02-04,191,NA,NA
JB,cest-1.2,5,3,NA,OP50,2022-02-04,191,NA,NA
JB,cest-1.2,5,3,NA,OP50,2022-02-04,191,NA,NA
JB,cest-1.2,5,3,NA,OP50,2022-02-04,191,NA,NA
JB,cest-1.2,5,2,NA,OP50,2022-02-04,191,NA,NA
JB,cest-1.2,5,4,NA,OP50,2022-02-04,191,NA,NA
JB,cest-1.2,5,2,NA,OP50,2022-02-04,191,NA,NA
JB,cest-1.2,5,3,NA,OP50,2022-02-04,191,NA,NA
JB,cest-1.2,5,5,NA,OP50,2022-02-04,191,NA,NA
JB,cest-1.2,5,2,NA,OP50,2022-02-04,191,NA,NA
JB,cest-1.2,5,4,NA,OP50,2022-02-04,192,NA,NA
JB,cest-1.2,5,5,NA,OP50,2022-02-04,192,NA,NA
JB,cest-1.2,5,5,NA,OP50,2022-02-04,192,NA,NA
JB,cest-1.2,5,3,NA,OP50,2022-02-04,192,NA,NA
JB,cest-1.2,5,5,NA,OP50,2022-02-04,192,NA,NA
JB,cest-1.2,5,3,NA,OP50,2022-02-04,192,NA,NA
JB,cest-1.2,5,3,NA,OP50,2022-02-04,192,NA,NA
JB,cest-1.2,5,3,NA,OP50,2022-02-04,192,NA,NA
JB,cest-1.2,5,3,NA,OP50,2022-02-04,192,NA,NA
JB,N2,5,5,NA,OP50,2022-02-25,201,NA,NA
JB,N2,5,4,NA,OP50,2022-02-25,201,NA,NA
JB,N2,5,4,NA,OP50,2022-02-25,201,NA,NA
JB,N2,5,4,NA,OP50,2022-02-25,201,NA,NA
JB,N2,5,9,NA,OP50,2022-02-25,201,NA,NA
JB,N2,5,3,NA,OP50,2022-02-25,201,NA,NA
JB,N2,5,2,NA,OP50,2022-02-25,201,NA,NA
JB,N2,5,3,NA,OP50,2022-02-25,201,NA,NA
JB,N2,5,4,NA,OP50,2022-02-25,201,NA,NA
JB,N2,5,3,NA,OP50,2022-02-25,201,NA,NA
JB,N2,5,5,NA,OP50,2022-02-25,202,NA,NA
JB,N2,5,5,NA,OP50,2022-02-25,202,NA,NA
JB,N2,5,3,NA,OP50,2022-02-25,202,NA,NA
JB,N2,5,8,NA,OP50,2022-02-25,202,NA,NA
JB,N2,5,5,NA,OP50,2022-02-25,202,NA,NA
JB,N2,5,7,NA,OP50,2022-02-25,202,NA,NA
JB,N2,5,4,NA,OP50,2022-02-25,202,NA,NA
JB,N2,5,5,NA,OP50,2022-02-25,202,NA,NA
JB,N2,5,3,NA,OP50,2022-02-25,202,NA,NA
JB,cest-1.2,5,4,NA,OP50,2022-02-25,203,NA,NA
JB,cest-1.2,5,3,NA,OP50,2022-02-25,203,NA,NA
JB,cest-1.2,5,3,NA,OP50,2022-02-25,203,NA,NA
JB,cest-1.2,5,3,NA,OP50,2022-02-25,203,NA,NA
JB,cest-1.2,5,4,NA,OP50,2022-02-25,203,NA,NA
JB,cest-1.2,5,3,NA,OP50,2022-02-25,203,NA,NA
JB,cest-1.2,5,5,NA,OP50,2022-02-25,203,NA,NA
JB,cest-1.2,5,3,NA,OP50,2022-02-25,203,NA,NA
JB,cest-1.2,5,3,NA,OP50,2022-02-25,203,NA,NA
JB,cest-1.2,5,3,NA,OP50,2022-02-25,203,NA,NA
JB,cest-1.2,5,4,NA,OP50,2022-02-25,204,NA,NA
JB,cest-1.2,5,5,NA,OP50,2022-02-25,204,NA,NA
JB,cest-1.2,5,2,NA,OP50,2022-02-25,204,NA,NA
JB,cest-1.2,5,2,NA,OP50,2022-02-25,204,NA,NA
JB,cest-1.2,5,3,NA,OP50,2022-02-25,204,NA,NA
JB,cest-1.2,5,3,NA,OP50,2022-02-25,204,NA,NA
JB,cest-1.2,5,3,NA,OP50,2022-02-25,204,NA,NA
JB,cest-1.2,5,1,NA,OP50,2022-02-25,204,NA,NA
JB,cest-1.2,5,2,NA,OP50,2022-02-25,204,NA,NA
JB,cest-1.2,5,5,NA,OP50,2022-03-04,213,NA,NA
JB,cest-1.2,5,5,NA,OP50,2022-03-04,213,NA,NA
JB,cest-1.2,5,3,NA,OP50,2022-03-04,213,NA,NA
JB,cest-1.2,5,4,NA,OP50,2022-03-04,213,NA,NA
JB,cest-1.2,5,4,NA,OP50,2022-03-04,213,NA,NA
JB,cest-1.2,5,2,NA,OP50,2022-03-04,213,NA,NA
JB,cest-1.2,5,2,NA,OP50,2022-03-04,213,NA,NA
JB,cest-1.2,5,5,NA,OP50,2022-03-04,213,NA,NA
JB,cest-1.2,5,3,NA,OP50,2022-03-04,214,NA,NA
JB,cest-1.2,5,2,NA,OP50,2022-03-04,214,NA,NA
JB,cest-1.2,5,3,NA,OP50,2022-03-04,214,NA,NA
JB,cest-1.2,5,3,NA,OP50,2022-03-04,214,NA,NA
JB,cest-1.2,5,2,NA,OP50,2022-03-04,214,NA,NA
JB,cest-1.2,5,5,NA,OP50,2022-03-04,214,NA,NA
JB,cest-1.2,5,6,NA,OP50,2022-03-04,214,NA,NA
JB,cest-1.2,5,2,NA,OP50,2022-03-04,214,NA,NA
JB,cest-1.2,5,3,NA,OP50,2022-03-04,214,NA,NA
JB,N2,5,5,NA,OP50,2022-03-04,215,NA,NA
JB,N2,5,3,NA,OP50,2022-03-04,215,NA,NA
JB,N2,5,5,NA,OP50,2022-03-04,215,NA,NA
JB,N2,5,2,NA,OP50,2022-03-04,215,NA,NA
JB,N2,5,3,NA,OP50,2022-03-04,215,NA,NA
JB,N2,5,5,NA,OP50,2022-03-04,215,NA,NA
JB,N2,5,5,NA,OP50,2022-03-04,215,NA,NA
JB,N2,5,4,NA,OP50,2022-03-04,215,NA,NA
JB,N2,5,3,NA,OP50,2022-03-04,215,NA,NA
JB,N2,5,2,NA,OP50,2022-03-04,215,NA,NA
JB,N2,5,3,NA,OP50,2022-03-04,216,NA,NA
JB,N2,5,3,NA,OP50,2022-03-04,216,NA,NA
JB,N2,5,2,NA,OP50,2022-03-04,216,NA,NA
JB,N2,5,4,NA,OP50,2022-03-04,216,NA,NA
JB,N2,5,6,NA,OP50,2022-03-04,216,NA,NA
JB,N2,5,3,NA,OP50,2022-03-04,216,NA,NA
JB,N2,5,5,NA,OP50,2022-03-04,216,NA,NA
JB,N2,5,4,NA,OP50,2022-03-04,216,NA,NA
JB,N2,5,4,NA,OP50,2022-03-04,216,NA,NA
JB,N2,5,3,NA,OP50,2022-03-04,216,NA,NA
JB,cest-1.2,5,4,NA,OP50,2022-04-27,235,NA,NA
JB,cest-1.2,5,4,NA,OP50,2022-04-27,235,NA,NA
JB,cest-1.2,5,3,NA,OP50,2022-04-27,235,NA,NA
JB,cest-1.2,5,3,NA,OP50,2022-04-27,235,NA,NA
JB,cest-1.2,5,5,NA,OP50,2022-04-27,235,NA,NA
JB,cest-1.2,5,5,NA,OP50,2022-04-27,235,NA,NA
JB,cest-1.2,5,3,NA,OP50,2022-04-27,235,NA,NA
JB,cest-1.2,5,4,NA,OP50,2022-04-27,235,NA,NA
JB,cest-1.2,5,4,NA,OP50,2022-04-27,235,NA,NA
JB,cest-1.2,5,4,NA,OP50,2022-04-27,235,NA,NA
JB,cest-1.2,5,5,NA,OP50,2022-04-27,236,NA,NA
JB,cest-1.2,5,4,NA,OP50,2022-04-27,236,NA,NA
JB,cest-1.2,5,3,NA,OP50,2022-04-27,236,NA,NA
JB,cest-1.2,5,2,NA,OP50,2022-04-27,236,NA,NA
JB,cest-1.2,5,4,NA,OP50,2022-04-27,236,NA,NA
JB,cest-1.2,5,3,NA,OP50,2022-04-27,236,NA,NA
JB,cest-1.2,5,3,NA,OP50,2022-04-27,236,NA,NA
JB,cest-1.2,5,2,NA,OP50,2022-04-27,236,NA,NA
JB,cest-1.2,5,4,NA,OP50,2022-04-27,236,NA,NA
JB,cest-1.2,5,5,NA,OP50,2022-04-27,236,NA,NA
JB,N2,5,4,NA,OP50,2022-04-27,237,NA,NA
JB,N2,5,4,NA,OP50,2022-04-27,237,NA,NA
JB,N2,5,4,NA,OP50,2022-04-27,237,NA,NA
JB,N2,5,4,NA,OP50,2022-04-27,237,NA,NA
JB,N2,5,5,NA,OP50,2022-04-27,237,NA,NA
JB,N2,5,3,NA,OP50,2022-04-27,237,NA,NA
JB,N2,5,4,NA,OP50,2022-04-27,237,NA,NA
JB,N2,5,5,NA,OP50,2022-04-27,237,NA,NA
JB,N2,5,2,NA,OP50,2022-04-27,237,NA,NA
JB,N2,5,5,NA,OP50,2022-04-27,237,NA,NA
JB,N2,5,3,NA,OP50,2022-04-27,238,NA,NA
JB,N2,5,5,NA,OP50,2022-04-27,238,NA,NA
JB,N2,5,5,NA,OP50,2022-04-27,238,NA,NA
JB,N2,5,6,NA,OP50,2022-04-27,238,NA,NA
JB,N2,5,4,NA,OP50,2022-04-27,238,NA,NA
JB,N2,5,5,NA,OP50,2022-04-27,238,NA,NA
JB,N2,5,5,NA,OP50,2022-04-27,238,NA,NA
JB,N2,5,5,NA,OP50,2022-04-27,238,NA,NA
JB,N2,5,4,NA,OP50,2022-04-27,238,NA,NA
JB,N2,5,5,NA,OP50,2022-04-27,238,NA,NA
JB,cest-1.2,5,3,NA,OP50,2022-05-09,250,NA,NA
JB,cest-1.2,5,2,NA,OP50,2022-05-09,250,NA,NA
JB,cest-1.2,5,3,NA,OP50,2022-05-09,250,NA,NA
JB,cest-1.2,5,2,NA,OP50,2022-05-09,250,NA,NA
JB,cest-1.2,5,1,NA,OP50,2022-05-09,250,NA,NA
JB,cest-1.2,5,4,NA,OP50,2022-05-09,250,NA,NA
JB,cest-1.2,5,2,NA,OP50,2022-05-09,250,NA,NA
JB,cest-1.2,5,2,NA,OP50,2022-05-09,250,NA,NA
JB,cest-1.2,5,4,NA,OP50,2022-05-09,250,NA,NA
JB,cest-1.2,5,4,NA,OP50,2022-05-09,250,NA,NA
JB,cest-1.2,5,2,NA,OP50,2022-05-09,251,NA,NA
JB,cest-1.2,5,4,NA,OP50,2022-05-09,251,NA,NA
JB,cest-1.2,5,2,NA,OP50,2022-05-09,251,NA,NA
JB,cest-1.2,5,2,NA,OP50,2022-05-09,251,NA,NA
JB,cest-1.2,5,3,NA,OP50,2022-05-09,251,NA,NA
JB,cest-1.2,5,2,NA,OP50,2022-05-09,251,NA,NA
JB,cest-1.2,5,2,NA,OP50,2022-05-09,251,NA,NA
JB,cest-1.2,5,1,NA,OP50,2022-05-09,251,NA,NA
JB,cest-1.2,5,4,NA,OP50,2022-05-09,251,NA,NA
JB,cest-1.2,5,1,NA,OP50,2022-05-09,251,NA,NA
JB,N2,5,3,NA,OP50,2022-05-09,254,NA,NA
JB,N2,5,3,NA,OP50,2022-05-09,254,NA,NA
JB,N2,5,3,NA,OP50,2022-05-09,254,NA,NA
JB,N2,5,3,NA,OP50,2022-05-09,254,NA,NA
JB,N2,5,3,NA,OP50,2022-05-09,254,NA,NA
JB,N2,5,3,NA,OP50,2022-05-09,254,NA,NA
JB,N2,5,4,NA,OP50,2022-05-09,254,NA,NA
JB,N2,5,3,NA,OP50,2022-05-09,254,NA,NA
JB,N2,5,4,NA,OP50,2022-05-09,254,NA,NA
JB,N2,5,3,NA,OP50,2022-05-09,254,NA,NA
JB,N2,5,2,NA,OP50,2022-05-09,255,NA,NA
JB,N2,5,3,NA,OP50,2022-05-09,255,NA,NA
JB,N2,5,1,NA,OP50,2022-05-09,255,NA,NA
JB,N2,5,4,NA,OP50,2022-05-09,255,NA,NA
JB,N2,5,4,NA,OP50,2022-05-09,255,NA,NA
JB,N2,5,4,NA,OP50,2022-05-09,255,NA,NA
JB,N2,5,3,NA,OP50,2022-05-09,255,NA,NA
JB,N2,5,2,NA,OP50,2022-05-09,255,NA,NA
JB,N2,5,2,NA,OP50,2022-05-09,255,NA,NA
JB,N2,5,3,NA,OP50,2022-05-09,255,NA,NA
JB,N2,5,2,NA,OP50,2022-06-10,266,NA,NA
JB,N2,5,4,NA,OP50,2022-06-10,266,NA,NA
JB,N2,5,3,NA,OP50,2022-06-10,266,NA,NA
JB,N2,5,2,NA,OP50,2022-06-10,266,NA,NA
JB,N2,5,4,NA,OP50,2022-06-10,266,NA,NA
JB,N2,5,3,NA,OP50,2022-06-10,266,NA,NA
JB,N2,5,1,NA,OP50,2022-06-10,266,NA,NA
JB,N2,5,1,NA,OP50,2022-06-10,266,NA,NA
JB,N2,5,4,NA,OP50,2022-06-10,266,NA,NA
JB,N2,5,3,NA,OP50,2022-06-10,266,NA,NA
JB,N2,5,3,NA,OP50,2022-06-10,266,NA,NA
JB,N2,5,2,NA,OP50,2022-06-10,267,NA,NA
JB,N2,5,4,NA,OP50,2022-06-10,267,NA,NA
JB,N2,5,8,NA,OP50,2022-06-10,267,NA,NA
JB,N2,5,3,NA,OP50,2022-06-10,267,NA,NA
JB,N2,5,2,NA,OP50,2022-06-10,267,NA,NA
JB,N2,5,3,NA,OP50,2022-06-10,267,NA,NA
JB,N2,5,3,NA,OP50,2022-06-10,267,NA,NA
JB,N2,5,4,NA,OP50,2022-06-10,267,NA,NA
JB,N2,5,2,NA,OP50,2022-06-10,267,NA,NA
JB,cest-1.2,5,3,NA,OP50,2022-06-10,268,NA,NA
JB,cest-1.2,5,2,NA,OP50,2022-06-10,268,NA,NA
JB,cest-1.2,5,3,NA,OP50,2022-06-10,268,NA,NA
JB,cest-1.2,5,1,NA,OP50,2022-06-10,268,NA,NA
JB,cest-1.2,5,2,NA,OP50,2022-06-10,268,NA,NA
JB,cest-1.2,5,3,NA,OP50,2022-06-10,268,NA,NA
JB,cest-1.2,5,4,NA,OP50,2022-06-10,268,NA,NA
JB,cest-1.2,5,4,NA,OP50,2022-06-10,268,NA,NA
JB,cest-1.2,5,2,NA,OP50,2022-06-10,268,NA,NA
JB,cest-1.2,5,8,NA,OP50,2022-06-10,268,NA,NA
JB,cest-1.2,5,1,NA,OP50,2022-06-10,269,NA,NA
JB,cest-1.2,5,4,NA,OP50,2022-06-10,269,NA,NA
JB,cest-1.2,5,3,NA,OP50,2022-06-10,269,NA,NA
JB,cest-1.2,5,3,NA,OP50,2022-06-10,269,NA,NA
JB,cest-1.2,5,2,NA,OP50,2022-06-10,269,NA,NA
JB,cest-1.2,5,4,NA,OP50,2022-06-10,269,NA,NA
JB,cest-1.2,5,4,NA,OP50,2022-06-10,269,NA,NA
JB,cest-1.2,5,1,NA,OP50,2022-06-10,269,NA,NA
JB,cest-1.2,5,4,NA,OP50,2022-06-10,269,NA,NA
JB,cest-1.2,5,2,NA,OP50,2022-06-10,269,NA,NA
JB,N2,5,4,NA,OP50,2022-06-15,272,NA,NA
JB,N2,5,3,NA,OP50,2022-06-15,272,NA,NA
JB,N2,5,3,NA,OP50,2022-06-15,272,NA,NA
JB,N2,5,4,NA,OP50,2022-06-15,272,NA,NA
JB,N2,5,3,NA,OP50,2022-06-15,272,NA,NA
JB,N2,5,4,NA,OP50,2022-06-15,272,NA,NA
JB,N2,5,5,NA,OP50,2022-06-15,272,NA,NA
JB,N2,5,2,NA,OP50,2022-06-15,272,NA,NA
JB,N2,5,3,NA,OP50,2022-06-15,272,NA,NA
JB,N2,5,5,NA,OP50,2022-06-15,272,NA,NA
JB,N2,5,2,NA,OP50,2022-06-15,273,NA,NA
JB,N2,5,3,NA,OP50,2022-06-15,273,NA,NA
JB,N2,5,3,NA,OP50,2022-06-15,273,NA,NA
JB,N2,5,2,NA,OP50,2022-06-15,273,NA,NA
JB,N2,5,4,NA,OP50,2022-06-15,273,NA,NA
JB,N2,5,4,NA,OP50,2022-06-15,273,NA,NA
JB,N2,5,1,NA,OP50,2022-06-15,273,NA,NA
JB,N2,5,2,NA,OP50,2022-06-15,273,NA,NA
JB,N2,5,2,NA,OP50,2022-06-15,273,NA,NA
JB,N2,5,5,NA,OP50,2022-06-15,273,NA,NA
JB,cest-1.2,5,2,NA,OP50,2022-06-15,274,NA,NA
JB,cest-1.2,5,2,NA,OP50,2022-06-15,274,NA,NA
JB,cest-1.2,5,3,NA,OP50,2022-06-15,274,NA,NA
JB,cest-1.2,5,1,NA,OP50,2022-06-15,274,NA,NA
JB,cest-1.2,5,5,NA,OP50,2022-06-15,274,NA,NA
JB,cest-1.2,5,2,NA,OP50,2022-06-15,274,NA,NA
JB,cest-1.2,5,2,NA,OP50,2022-06-15,274,NA,NA
JB,cest-1.2,5,2,NA,OP50,2022-06-15,274,NA,NA
JB,cest-1.2,5,1,NA,OP50,2022-06-15,274,NA,NA
JB,cest-1.2,5,2,NA,OP50,2022-06-15,274,NA,NA
JB,cest-1.2,5,1,NA,OP50,2022-06-15,275,NA,NA
JB,cest-1.2,5,1,NA,OP50,2022-06-15,275,NA,NA
JB,cest-1.2,5,1,NA,OP50,2022-06-15,275,NA,NA
JB,cest-1.2,5,2,NA,OP50,2022-06-15,275,NA,NA
JB,cest-1.2,5,3,NA,OP50,2022-06-15,275,NA,NA
JB,cest-1.2,5,3,NA,OP50,2022-06-15,275,NA,NA
JB,cest-1.2,5,3,NA,OP50,2022-06-15,275,NA,NA
JB,cest-1.2,5,2,NA,OP50,2022-06-15,275,NA,NA
JB,cest-1.2,5,2,NA,OP50,2022-06-15,275,NA,NA
JB,cest-1.2,5,3,NA,OP50,2022-06-15,275,NA,NA
JB,cest-1.2,5,2,NA,OP50,2022-11-07,293,NA,NA
JB,cest-1.2,5,2,NA,OP50,2022-11-07,293,NA,NA
JB,cest-1.2,5,4,NA,OP50,2022-11-07,293,NA,NA
JB,cest-1.2,5,3,NA,OP50,2022-11-07,293,NA,NA
JB,cest-1.2,5,2,NA,OP50,2022-11-07,293,NA,NA
JB,cest-1.2,5,1,NA,OP50,2022-11-07,293,NA,NA
JB,cest-1.2,5,3,NA,OP50,2022-11-07,293,NA,NA
JB,cest-1.2,5,4,NA,OP50,2022-11-07,293,NA,NA
JB,cest-1.2,5,2,NA,OP50,2022-11-07,293,NA,NA
JB,cest-1.2,5,3,NA,OP50,2022-11-07,293,NA,NA
JB,cest-1.2,5,2,NA,OP50,2022-11-07,294,NA,NA
JB,cest-1.2,5,4,NA,OP50,2022-11-07,294,NA,NA
JB,cest-1.2,5,2,NA,OP50,2022-11-07,294,NA,NA
JB,cest-1.2,5,2,NA,OP50,2022-11-07,294,NA,NA
JB,cest-1.2,5,3,NA,OP50,2022-11-07,294,NA,NA
JB,cest-1.2,5,2,NA,OP50,2022-11-07,294,NA,NA
JB,cest-1.2,5,1,NA,OP50,2022-11-07,294,NA,NA
JB,cest-1.2,5,2,NA,OP50,2022-11-07,294,NA,NA
JB,cest-1.2,5,1,NA,OP50,2022-11-07,294,NA,NA
JB,cest-1.2,5,2,NA,OP50,2022-11-07,294,NA,NA
JB,N2,5,3,NA,OP50,2022-11-07,297,NA,NA
JB,N2,5,3,NA,OP50,2022-11-07,297,NA,NA
JB,N2,5,2,NA,OP50,2022-11-07,297,NA,NA
JB,N2,5,3,NA,OP50,2022-11-07,297,NA,NA
JB,N2,5,2,NA,OP50,2022-11-07,297,NA,NA
JB,N2,5,2,NA,OP50,2022-11-07,297,NA,NA
JB,N2,5,4,NA,OP50,2022-11-07,297,NA,NA
JB,N2,5,3,NA,OP50,2022-11-07,297,NA,NA
JB,N2,5,3,NA,OP50,2022-11-07,297,NA,NA
JB,N2,5,3,NA,OP50,2022-11-07,297,NA,NA
JB,N2,5,4,NA,OP50,2022-11-07,298,NA,NA
JB,N2,5,3,NA,OP50,2022-11-07,298,NA,NA
JB,N2,5,3,NA,OP50,2022-11-07,298,NA,NA
JB,N2,5,3,NA,OP50,2022-11-07,298,NA,NA
JB,N2,5,4,NA,OP50,2022-11-07,298,NA,NA
JB,N2,5,3,NA,OP50,2022-11-07,298,NA,NA
JB,N2,5,2,NA,OP50,2022-11-07,298,NA,NA
JB,N2,5,3,NA,OP50,2022-11-07,298,NA,NA
JB,N2,5,4,NA,OP50,2022-11-07,298,NA,NA
JB,N2,5,3,NA,OP50,2022-11-07,298,NA,NA
JB,N2,5,2,NA,OP50,2023-01-25,299,NA,NA
JB,N2,5,2,NA,OP50,2023-01-25,299,NA,NA
JB,N2,5,3,NA,OP50,2023-01-25,299,NA,NA
JB,N2,5,2,NA,OP50,2023-01-25,299,NA,NA
JB,N2,5,3,NA,OP50,2023-01-25,299,NA,NA
JB,N2,5,3,NA,OP50,2023-01-25,299,NA,NA
JB,N2,5,3,NA,OP50,2023-01-25,299,NA,NA
JB,N2,5,4,NA,OP50,2023-01-25,299,NA,NA
JB,N2,5,3,NA,OP50,2023-01-25,299,NA,NA
JB,N2,5,3,NA,OP50,2023-01-25,299,NA,NA
JB,N2,5,4,NA,OP50,2023-01-25,300,NA,NA
JB,N2,5,3,NA,OP50,2023-01-25,300,NA,NA
JB,N2,5,3,NA,OP50,2023-01-25,300,NA,NA
JB,N2,5,3,NA,OP50,2023-01-25,300,NA,NA
JB,N2,5,2,NA,OP50,2023-01-25,300,NA,NA
JB,N2,5,4,NA,OP50,2023-01-25,300,NA,NA
JB,N2,5,3,NA,OP50,2023-01-25,300,NA,NA
JB,N2,5,3,NA,OP50,2023-01-25,300,NA,NA
JB,N2,5,2,NA,OP50,2023-01-25,300,NA,NA
JB,N2,5,3,NA,OP50,2023-01-25,300,NA,NA
JB,cest-1.2,5,1,NA,OP50,2023-02-22,317,NA,NA
JB,cest-1.2,5,3,NA,OP50,2023-02-22,317,NA,NA
JB,cest-1.2,5,5,NA,OP50,2023-02-22,317,NA,NA
JB,cest-1.2,5,2,NA,OP50,2023-02-22,317,NA,NA
JB,cest-1.2,5,1,NA,OP50,2023-02-22,317,NA,NA
JB,cest-1.2,5,1,NA,OP50,2023-02-22,317,NA,NA
JB,cest-1.2,5,2,NA,OP50,2023-02-22,317,NA,NA
JB,cest-1.2,5,2,NA,OP50,2023-02-22,317,NA,NA
JB,cest-1.2,5,3,NA,OP50,2023-02-22,317,NA,NA
JB,cest-1.2,5,3,NA,OP50,2023-02-22,317,NA,NA
JB,cest-1.2,5,3,NA,OP50,2023-02-22,318,NA,NA
JB,cest-1.2,5,3,NA,OP50,2023-02-22,318,NA,NA
JB,cest-1.2,5,3,NA,OP50,2023-02-22,318,NA,NA
JB,cest-1.2,5,2,NA,OP50,2023-02-22,318,NA,NA
JB,cest-1.2,5,3,NA,OP50,2023-02-22,318,NA,NA
JB,N2,5,2,NA,OP50,2023-02-22,321,NA,NA
JB,N2,5,2,NA,OP50,2023-02-22,321,NA,NA
JB,N2,5,4,NA,OP50,2023-02-22,321,NA,NA
JB,N2,5,2,NA,OP50,2023-02-22,321,NA,NA
JB,N2,5,2,NA,OP50,2023-02-22,321,NA,NA
JB,N2,5,3,NA,OP50,2023-02-22,321,NA,NA
JB,N2,5,4,NA,OP50,2023-02-22,321,NA,NA
JB,N2,5,3,NA,OP50,2023-02-22,321,NA,NA
JB,N2,5,3,NA,OP50,2023-02-22,321,NA,NA
JB,N2,5,2,NA,OP50,2023-02-22,321,NA,NA
JB,N2,5,4,NA,OP50,2023-02-22,321,NA,NA
JB,N2,5,2,NA,OP50,2023-02-22,322,NA,NA
JB,N2,5,3,NA,OP50,2023-02-22,322,NA,NA
JB,N2,5,4,NA,OP50,2023-02-22,322,NA,NA
JB,N2,5,2,NA,OP50,2023-02-22,322,NA,NA
JB,N2,5,3,NA,OP50,2023-02-22,322,NA,NA
JB,N2,5,3,NA,OP50,2023-02-22,322,NA,NA
JB,N2,5,2,NA,OP50,2023-02-22,322,NA,NA
JB,N2,5,3,NA,OP50,2023-02-22,322,NA,NA
JB,N2,5,4,NA,OP50,2023-02-22,322,NA,NA
JB,N2,5,2,NA,OPtnaA,2023-02-25,327,NA,NA
JB,N2,5,6,NA,OPtnaA,2023-02-25,327,NA,NA
JB,N2,5,1,NA,OPtnaA,2023-02-25,327,NA,NA
JB,N2,5,3,NA,OPtnaA,2023-02-25,327,NA,NA
JB,N2,5,2,NA,OPtnaA,2023-02-25,327,NA,NA
JB,N2,5,1,NA,OPtnaA,2023-02-25,327,NA,NA
JB,N2,5,3,NA,OPtnaA,2023-02-25,327,NA,NA
JB,N2,5,5,NA,OPtnaA,2023-02-25,327,NA,NA
JB,N2,5,2,NA,OPtnaA,2023-02-25,327,NA,NA
JB,N2,5,1,NA,OPtnaA,2023-02-25,327,NA,NA
JB,N2,5,3,NA,OPtnaA,2023-02-25,328,NA,NA
JB,N2,5,3,NA,OPtnaA,2023-02-25,328,NA,NA
JB,N2,5,2,NA,OPtnaA,2023-02-25,328,NA,NA
JB,N2,5,3,NA,OPtnaA,2023-02-25,328,NA,NA
JB,N2,5,3,NA,OPtnaA,2023-02-25,328,NA,NA
JB,N2,5,3,NA,OPtnaA,2023-02-25,328,NA,NA
JB,N2,5,5,NA,OPtnaA,2023-02-25,328,NA,NA
JB,cest-1.2,5,2,NA,OP50,2023-02-25,329,NA,NA
JB,cest-1.2,5,2,NA,OP50,2023-02-25,329,NA,NA
JB,cest-1.2,5,5,NA,OP50,2023-02-25,329,NA,NA
JB,cest-1.2,5,3,NA,OP50,2023-02-25,329,NA,NA
JB,cest-1.2,5,1,NA,OP50,2023-02-25,329,NA,NA
JB,cest-1.2,5,2,NA,OP50,2023-02-25,329,NA,NA
JB,cest-1.2,5,4,NA,OP50,2023-02-25,329,NA,NA
JB,cest-1.2,5,5,NA,OP50,2023-02-25,329,NA,NA
JB,cest-1.2,5,2,NA,OP50,2023-02-25,329,NA,NA
JB,cest-1.2,5,5,NA,OP50,2023-02-25,329,NA,NA
JB,cest-1.2,5,4,NA,OP50,2023-02-25,330,NA,NA
JB,cest-1.2,5,1,NA,OP50,2023-02-25,330,NA,NA
JB,cest-1.2,5,3,NA,OP50,2023-02-25,330,NA,NA
JB,cest-1.2,5,3,NA,OP50,2023-02-25,330,NA,NA
JB,cest-1.2,5,1,NA,OP50,2023-02-25,330,NA,NA
JB,cest-1.2,5,3,NA,OP50,2023-02-25,330,NA,NA
JB,cest-1.2,5,2,NA,OP50,2023-02-25,330,NA,NA
JB,cest-1.2,5,2,NA,OP50,2023-02-25,330,NA,NA
JB,cest-1.2,5,3,NA,OP50,2023-02-25,330,NA,NA
JB,cest-1.2,5,3,NA,OP50,2023-02-25,330,NA,NA
JB,cest-1.2,5,2,NA,OPtnaA,2023-02-25,331,NA,NA
JB,cest-1.2,5,2,NA,OPtnaA,2023-02-25,331,NA,NA
JB,cest-1.2,5,3,NA,OPtnaA,2023-02-25,331,NA,NA
JB,cest-1.2,5,3,NA,OPtnaA,2023-02-25,331,NA,NA
JB,cest-1.2,5,2,NA,OPtnaA,2023-02-25,331,NA,NA
JB,cest-1.2,5,1,NA,OPtnaA,2023-02-25,331,NA,NA
JB,cest-1.2,5,2,NA,OPtnaA,2023-02-25,331,NA,NA
JB,cest-1.2,5,2,NA,OPtnaA,2023-02-25,331,NA,NA
JB,cest-1.2,5,3,NA,OPtnaA,2023-02-25,331,NA,NA
JB,cest-1.2,5,3,NA,OPtnaA,2023-02-25,331,NA,NA
JB,cest-1.2,5,3,NA,OPtnaA,2023-02-25,332,NA,NA
JB,cest-1.2,5,1,NA,OPtnaA,2023-02-25,332,NA,NA
JB,cest-1.2,5,2,NA,OPtnaA,2023-02-25,332,NA,NA
JB,cest-1.2,5,1,NA,OPtnaA,2023-02-25,332,NA,NA
JB,cest-1.2,5,2,NA,OPtnaA,2023-02-25,332,NA,NA
JB,cest-1.2,5,3,NA,OPtnaA,2023-02-25,332,NA,NA
JB,cest-1.2,5,2,NA,OPtnaA,2023-02-25,332,NA,NA
JB,cest-1.2,5,5,NA,OPtnaA,2023-02-25,332,NA,NA
JB,cest-1.2,5,3,NA,OPtnaA,2023-02-25,332,NA,NA
JB,cest-1.2,5,2,NA,OPtnaA,2023-02-25,332,NA,NA
JB,N2,5,3,NA,OP50,2023-02-25,335,NA,NA
JB,N2,5,7,NA,OP50,2023-02-25,335,NA,NA
JB,N2,5,4,NA,OP50,2023-02-25,335,NA,NA
JB,N2,5,2,NA,OP50,2023-02-25,335,NA,NA
JB,N2,5,4,NA,OP50,2023-02-25,335,NA,NA
JB,N2,5,5,NA,OP50,2023-02-25,335,NA,NA
JB,N2,5,2,NA,OP50,2023-02-25,335,NA,NA
JB,N2,5,3,NA,OP50,2023-02-25,335,NA,NA
JB,N2,5,4,NA,OP50,2023-02-25,335,NA,NA
JB,N2,5,2,NA,OP50,2023-02-25,335,NA,NA
JB,N2,5,3,NA,OP50,2023-02-25,336,NA,NA
JB,N2,5,3,NA,OP50,2023-02-25,336,NA,NA
JB,N2,5,3,NA,OP50,2023-02-25,336,NA,NA
JB,N2,5,5,NA,OP50,2023-02-25,336,NA,NA
JB,N2,5,3,NA,OP50,2023-02-25,336,NA,NA
JB,N2,5,2,NA,OP50,2023-02-25,336,NA,NA
JB,N2,5,9,NA,OP50,2023-02-25,336,NA,NA
JB,N2,5,4,NA,OP50,2023-02-25,336,NA,NA
JB,N2,5,4,NA,OP50,2023-02-25,336,NA,NA
JB,cest-1.2,5,4,NA,OPtnaA,2023-03-05,343,NA,NA
JB,cest-1.2,5,1,NA,OPtnaA,2023-03-05,343,NA,NA
JB,cest-1.2,5,4,NA,OPtnaA,2023-03-05,343,NA,NA
JB,cest-1.2,5,1,NA,OPtnaA,2023-03-05,343,NA,NA
JB,cest-1.2,5,2,NA,OPtnaA,2023-03-05,343,NA,NA
JB,cest-1.2,5,1,NA,OPtnaA,2023-03-05,343,NA,NA
JB,cest-1.2,5,4,NA,OPtnaA,2023-03-05,343,NA,NA
JB,cest-1.2,5,2,NA,OPtnaA,2023-03-05,343,NA,NA
JB,cest-1.2,5,5,NA,OPtnaA,2023-03-05,343,NA,NA
JB,cest-1.2,5,2,NA,OPtnaA,2023-03-05,343,NA,NA
JB,cest-1.2,5,5,NA,OPtnaA,2023-03-05,344,NA,NA
JB,cest-1.2,5,3,NA,OPtnaA,2023-03-05,344,NA,NA
JB,cest-1.2,5,2,NA,OPtnaA,2023-03-05,344,NA,NA
JB,cest-1.2,5,3,NA,OPtnaA,2023-03-05,344,NA,NA
JB,cest-1.2,5,1,NA,OPtnaA,2023-03-05,344,NA,NA
JB,cest-1.2,5,3,NA,OPtnaA,2023-03-05,344,NA,NA
JB,cest-1.2,5,2,NA,OPtnaA,2023-03-05,344,NA,NA
JB,cest-1.2,5,1,NA,OP50,2023-03-05,349,NA,NA
JB,cest-1.2,5,2,NA,OP50,2023-03-05,349,NA,NA
JB,cest-1.2,5,2,NA,OP50,2023-03-05,349,NA,NA
JB,cest-1.2,5,2,NA,OP50,2023-03-05,349,NA,NA
JB,cest-1.2,5,3,NA,OP50,2023-03-05,349,NA,NA
JB,cest-1.2,5,4,NA,OP50,2023-03-05,349,NA,NA
JB,cest-1.2,5,2,NA,OP50,2023-03-05,349,NA,NA
JB,cest-1.2,5,1,NA,OP50,2023-03-05,349,NA,NA
JB,cest-1.2,5,3,NA,OP50,2023-03-05,349,NA,NA
JB,cest-1.2,5,2,NA,OP50,2023-03-05,349,NA,NA
JB,cest-1.2,5,2,NA,OP50,2023-03-05,350,NA,NA
JB,cest-1.2,5,2,NA,OP50,2023-03-05,350,NA,NA
JB,cest-1.2,5,2,NA,OP50,2023-03-05,350,NA,NA
JB,cest-1.2,5,2,NA,OP50,2023-03-05,350,NA,NA
JB,cest-1.2,5,2,NA,OP50,2023-03-05,350,NA,NA
JB,cest-1.2,5,3,NA,OP50,2023-03-05,350,NA,NA
JB,cest-1.2,5,2,NA,OP50,2023-03-05,350,NA,NA
JB,cest-1.2,5,2,NA,OP50,2023-03-05,350,NA,NA
JB,cest-1.2,5,3,NA,OP50,2023-03-05,350,NA,NA
JB,cest-1.2,5,2,NA,OP50,2023-03-05,350,NA,NA
JB,N2,5,3,NA,OP50,2023-03-05,351,NA,NA
JB,N2,5,3,NA,OP50,2023-03-05,351,NA,NA
JB,N2,5,3,NA,OP50,2023-03-05,351,NA,NA
JB,N2,5,4,NA,OP50,2023-03-05,351,NA,NA
JB,N2,5,2,NA,OP50,2023-03-05,351,NA,NA
JB,N2,5,6,NA,OP50,2023-03-05,351,NA,NA
JB,N2,5,3,NA,OP50,2023-03-05,351,NA,NA
JB,N2,5,4,NA,OP50,2023-03-05,351,NA,NA
JB,N2,5,3,NA,OP50,2023-03-05,351,NA,NA
JB,N2,5,5,NA,OP50,2023-03-05,351,NA,NA
JB,N2,5,4,NA,OP50,2023-03-05,352,NA,NA
JB,N2,5,2,NA,OP50,2023-03-05,352,NA,NA
JB,N2,5,4,NA,OP50,2023-03-05,352,NA,NA
JB,N2,5,2,NA,OP50,2023-03-05,352,NA,NA
JB,N2,5,2,NA,OP50,2023-03-05,352,NA,NA
JB,N2,5,3,NA,OP50,2023-03-05,352,NA,NA
JB,N2,5,6,NA,OP50,2023-03-05,352,NA,NA
JB,N2,5,3,NA,OP50,2023-03-05,352,NA,NA
JB,N2,5,3,NA,OP50,2023-03-05,352,NA,NA
JB,N2,5,4,NA,OP50,2023-03-05,352,NA,NA
JB,N2,5,1,NA,OPtnaA,2023-03-05,355,NA,NA
JB,N2,5,2,NA,OPtnaA,2023-03-05,355,NA,NA
JB,N2,5,3,NA,OPtnaA,2023-03-05,355,NA,NA
JB,N2,5,3,NA,OPtnaA,2023-03-05,355,NA,NA
JB,N2,5,1,NA,OPtnaA,2023-03-05,355,NA,NA
JB,N2,5,2,NA,OPtnaA,2023-03-05,355,NA,NA
JB,N2,5,2,NA,OPtnaA,2023-03-05,355,NA,NA
JB,N2,5,2,NA,OPtnaA,2023-03-05,355,NA,NA
JB,N2,5,2,NA,OPtnaA,2023-03-05,355,NA,NA
JB,N2,5,3,NA,OPtnaA,2023-03-05,355,NA,NA
JB,N2,5,2,NA,OPtnaA,2023-03-05,356,NA,NA
JB,N2,5,1,NA,OPtnaA,2023-03-05,356,NA,NA
JB,N2,5,3,NA,OPtnaA,2023-03-05,356,NA,NA
JB,N2,5,3,NA,OPtnaA,2023-03-05,356,NA,NA
JB,N2,5,1,NA,OPtnaA,2023-03-05,356,NA,NA
JB,N2,5,1,NA,OPtnaA,2023-03-05,356,NA,NA
JB,N2,5,2,NA,OPtnaA,2023-03-05,356,NA,NA
JB,N2,5,2,NA,OPtnaA,2023-03-05,356,NA,NA
JB,N2,5,3,NA,OPtnaA,2023-03-05,356,NA,NA
JB,N2,5,1,NA,OPtnaA,2023-03-05,356,NA,NA
JB,cest-1.2,5,3,NA,OP50,2023-04-05,362,NA,NA
JB,cest-1.2,5,4,NA,OP50,2023-04-05,362,NA,NA
JB,cest-1.2,5,1,NA,OP50,2023-04-05,362,NA,NA
JB,cest-1.2,5,1,NA,OP50,2023-04-05,362,NA,NA
JB,cest-1.2,5,2,NA,OP50,2023-04-05,362,NA,NA
JB,cest-1.2,5,1,NA,OP50,2023-04-05,362,NA,NA
JB,cest-1.2,5,2,NA,OP50,2023-04-05,362,NA,NA
JB,cest-1.2,5,4,NA,OP50,2023-04-05,362,NA,NA
JB,cest-1.2,5,1,NA,OP50,2023-04-05,362,NA,NA
JB,cest-1.2,5,1,NA,OP50,2023-04-05,362,NA,NA
JB,N2,5,4,NA,OP50,2023-04-05,363,NA,NA
JB,N2,5,2,NA,OP50,2023-04-05,363,NA,NA
JB,N2,5,2,NA,OP50,2023-04-05,363,NA,NA
JB,N2,5,2,NA,OP50,2023-04-05,363,NA,NA
JB,N2,5,3,NA,OP50,2023-04-05,363,NA,NA
JB,N2,5,2,NA,OP50,2023-04-05,363,NA,NA
JB,N2,5,3,NA,OP50,2023-04-05,363,NA,NA
JB,N2,5,3,NA,OP50,2023-04-05,363,NA,NA
JB,N2,5,3,NA,OP50,2023-04-05,363,NA,NA
JB,N2,5,4,NA,OP50,2023-04-05,363,NA,NA
JB,N2,5,4,NA,OP50,2023-04-14,375,NA,NA
JB,N2,5,3,NA,OP50,2023-04-14,375,NA,NA
JB,N2,5,2,NA,OP50,2023-04-14,375,NA,NA
JB,N2,5,5,NA,OP50,2023-04-14,375,NA,NA
JB,N2,5,3,NA,OP50,2023-04-14,375,NA,NA
JB,N2,5,3,NA,OP50,2023-04-14,375,NA,NA
JB,N2,5,2,NA,OP50,2023-04-14,375,NA,NA
JB,N2,5,4,NA,OP50,2023-04-14,375,NA,NA
JB,N2,5,4,NA,OP50,2023-04-14,375,NA,NA
JB,N2,5,3,NA,OP50,2023-04-14,375,NA,NA
JB,N2,5,3,NA,OP50,2023-04-14,375,NA,NA
JB,N2,5,2,NA,OP50,2023-04-14,375,NA,NA
JB,N2,5,3,NA,OP50,2023-04-14,375,NA,NA
JB,N2,5,2,NA,OP50,2023-04-14,375,NA,NA
JB,N2,5,3,NA,OP50,2023-04-14,375,NA,NA
JB,N2,5,3,NA,OP50,2023-04-14,375,NA,NA
JB,N2,5,4,NA,OP50,2023-04-14,375,NA,NA
JB,N2,5,3,NA,OP50,2023-04-14,375,NA,NA
JB,N2,5,2,NA,OP50,2023-04-14,375,NA,NA
JB,N2,5,3,NA,OP50,2023-04-14,375,NA,NA
JB,N2,5,3,NA,OP50,2023-04-14,375,NA,NA
JB,cest-1.2,5,1,NA,OP50,2023-04-14,376,NA,NA
JB,cest-1.2,5,3,NA,OP50,2023-04-14,376,NA,NA
JB,cest-1.2,5,2,NA,OP50,2023-04-14,376,NA,NA
JB,cest-1.2,5,2,NA,OP50,2023-04-14,376,NA,NA
JB,cest-1.2,5,1,NA,OP50,2023-04-14,376,NA,NA
JB,cest-1.2,5,2,NA,OP50,2023-04-14,376,NA,NA
JB,cest-1.2,5,3,NA,OP50,2023-04-14,376,NA,NA
JB,cest-1.2,5,3,NA,OP50,2023-04-14,376,NA,NA
JB,cest-1.2,5,1,NA,OP50,2023-04-14,376,NA,NA
JB,cest-1.2,5,2,NA,OP50,2023-04-14,376,NA,NA
JB,cest-1.2,5,5,NA,OP50,2023-04-14,376,NA,NA
JB,cest-1.2,5,2,NA,OP50,2023-04-14,376,NA,NA
JB,cest-1.2,5,3,NA,OP50,2023-04-14,376,NA,NA
JB,cest-1.2,5,2,NA,OP50,2023-04-14,376,NA,NA
JB,cest-1.2,5,2,NA,OP50,2023-04-14,376,NA,NA
JB,cest-1.2,5,3,NA,OP50,2023-04-14,376,NA,NA
JB,cest-1.2,5,1,NA,OP50,2023-04-14,376,NA,NA
JB,cest-1.2,5,3,NA,OP50,2023-04-14,376,NA,NA
JB,cest-1.2,5,2,NA,OP50,2023-04-14,376,NA,NA
JB,cest-1.2,5,2,NA,OP50,2023-04-14,376,NA,NA
JB,cest-1.2,5,4,NA,BW25113,2021-06-30,27,NA,NA
JB,cest-1.2,5,4,NA,BW25113,2021-06-30,27,NA,NA
JB,cest-1.2,5,2,NA,BW25113,2021-06-30,27,NA,NA
JB,cest-1.2,5,7,NA,BW25113,2021-06-30,27,NA,NA
JB,cest-1.2,5,6,NA,BW25113,2021-06-30,27,NA,NA
JB,cest-1.2,5,4,NA,BW25113,2021-06-30,27,NA,NA
JB,cest-1.2,5,3,NA,BW25113,2021-06-30,27,NA,NA
JB,cest-1.2,5,3,NA,BW25113,2021-06-30,27,NA,NA
JB,cest-1.2,5,2,NA,BW25113,2021-06-30,27,NA,NA
JB,cest-1.2,5,4,NA,BW25113,2021-06-30,27,NA,NA
JB,cest-1.2,5,6,NA,BW25113,2021-06-30,28,NA,NA
JB,cest-1.2,5,8,NA,BW25113,2021-06-30,28,NA,NA
JB,cest-1.2,5,4,NA,BW25113,2021-06-30,28,NA,NA
JB,cest-1.2,5,3,NA,BW25113,2021-06-30,28,NA,NA
JB,cest-1.2,5,4,NA,BW25113,2021-06-30,28,NA,NA
JB,cest-1.2,5,5,NA,BW25113,2021-06-30,28,NA,NA
JB,cest-1.2,5,3,NA,BW25113,2021-06-30,28,NA,NA
JB,cest-1.2,5,8,NA,BW25113,2021-06-30,28,NA,NA
JB,cest-1.2,5,4,NA,BW25113,2021-06-30,28,NA,NA
JB,N2,5,5,NA,BW25113,2021-06-30,29,NA,NA
JB,N2,5,5,NA,BW25113,2021-06-30,29,NA,NA
JB,N2,5,7,NA,BW25113,2021-06-30,29,NA,NA
JB,N2,5,7,NA,BW25113,2021-06-30,29,NA,NA
JB,N2,5,4,NA,BW25113,2021-06-30,29,NA,NA
JB,N2,5,2,NA,BW25113,2021-06-30,29,NA,NA
JB,N2,5,6,NA,BW25113,2021-06-30,29,NA,NA
JB,N2,5,4,NA,BW25113,2021-06-30,29,NA,NA
JB,N2,5,4,NA,BW25113,2021-06-30,29,NA,NA
JB,N2,5,4,NA,BW25113,2021-06-30,29,NA,NA
JB,N2,5,8,NA,BW25113,2021-06-30,30,NA,NA
JB,N2,5,3,NA,BW25113,2021-06-30,30,NA,NA
JB,N2,5,6,NA,BW25113,2021-06-30,30,NA,NA
JB,N2,5,4,NA,BW25113,2021-06-30,30,NA,NA
JB,N2,5,2,NA,BW25113,2021-06-30,30,NA,NA
JB,N2,5,6,NA,BW25113,2021-06-30,30,NA,NA
JB,N2,5,12,NA,BW25113,2021-06-30,30,NA,NA
JB,N2,5,7,NA,BW25113,2021-06-30,30,NA,NA
JB,cest-1.2,5,3,NA,K12 tnaA,2021-06-30,31,NA,NA
JB,cest-1.2,5,4,NA,K12 tnaA,2021-06-30,31,NA,NA
JB,cest-1.2,5,3,NA,K12 tnaA,2021-06-30,31,NA,NA
JB,cest-1.2,5,3,NA,K12 tnaA,2021-06-30,31,NA,NA
JB,cest-1.2,5,3,NA,K12 tnaA,2021-06-30,31,NA,NA
JB,cest-1.2,5,6,NA,K12 tnaA,2021-06-30,31,NA,NA
JB,cest-1.2,5,4,NA,K12 tnaA,2021-06-30,31,NA,NA
JB,cest-1.2,5,6,NA,K12 tnaA,2021-06-30,31,NA,NA
JB,cest-1.2,5,5,NA,K12 tnaA,2021-06-30,31,NA,NA
JB,cest-1.2,5,3,NA,K12 tnaA,2021-06-30,31,NA,NA
JB,cest-1.2,5,5,NA,K12 tnaA,2021-06-30,32,NA,NA
JB,cest-1.2,5,3,NA,K12 tnaA,2021-06-30,32,NA,NA
JB,cest-1.2,5,3,NA,K12 tnaA,2021-06-30,32,NA,NA
JB,cest-1.2,5,5,NA,K12 tnaA,2021-06-30,32,NA,NA
JB,cest-1.2,5,3,NA,K12 tnaA,2021-06-30,32,NA,NA
JB,cest-1.2,5,5,NA,K12 tnaA,2021-06-30,32,NA,NA
JB,cest-1.2,5,5,NA,K12 tnaA,2021-06-30,32,NA,NA
JB,cest-1.2,5,3,NA,K12 tnaA,2021-06-30,32,NA,NA
JB,cest-1.2,5,5,NA,K12 tnaA,2021-06-30,32,NA,NA
JB,N2,5,2,NA,K12 tnaA,2021-06-30,33,NA,NA
JB,N2,5,5,NA,K12 tnaA,2021-06-30,33,NA,NA
JB,N2,5,4,NA,K12 tnaA,2021-06-30,33,NA,NA
JB,N2,5,5,NA,K12 tnaA,2021-06-30,33,NA,NA
JB,N2,5,5,NA,K12 tnaA,2021-06-30,33,NA,NA
JB,N2,5,5,NA,K12 tnaA,2021-06-30,33,NA,NA
JB,N2,5,5,NA,K12 tnaA,2021-06-30,33,NA,NA
JB,N2,5,3,NA,K12 tnaA,2021-06-30,33,NA,NA
JB,N2,5,6,NA,K12 tnaA,2021-06-30,33,NA,NA
JB,N2,5,7,NA,K12 tnaA,2021-06-30,33,NA,NA
JB,N2,5,3,NA,K12 tnaA,2021-06-30,34,NA,NA
JB,N2,5,3,NA,K12 tnaA,2021-06-30,34,NA,NA
JB,N2,5,4,NA,K12 tnaA,2021-06-30,34,NA,NA
JB,N2,5,2,NA,K12 tnaA,2021-06-30,34,NA,NA
JB,N2,5,5,NA,K12 tnaA,2021-06-30,34,NA,NA
JB,N2,5,4,NA,K12 tnaA,2021-06-30,34,NA,NA
JB,N2,5,4,NA,K12 tnaA,2021-06-30,34,NA,NA
JB,N2,5,2,NA,K12 tnaA,2021-06-30,34,NA,NA
JB,N2,5,6,NA,K12 tnaA,2021-06-30,34,NA,NA
JB,N2,5,2,NA,K12 tnaA,2021-06-30,34,NA,NA
JB,N2,5,4,NA,BW25113,2021-07-07,35,NA,NA
JB,N2,5,10,NA,BW25113,2021-07-07,35,NA,NA
JB,N2,5,2,NA,BW25113,2021-07-07,35,NA,NA
JB,N2,5,1,NA,BW25113,2021-07-07,35,NA,NA
JB,N2,5,4,NA,BW25113,2021-07-07,35,NA,NA
JB,N2,5,3,NA,BW25113,2021-07-07,35,NA,NA
JB,N2,5,6,NA,BW25113,2021-07-07,35,NA,NA
JB,N2,5,4,NA,BW25113,2021-07-07,35,NA,NA
JB,N2,5,4,NA,BW25113,2021-07-07,35,NA,NA
JB,N2,5,2,NA,BW25113,2021-07-07,36,NA,NA
JB,N2,5,4,NA,BW25113,2021-07-07,36,NA,NA
JB,N2,5,3,NA,BW25113,2021-07-07,36,NA,NA
JB,N2,5,3,NA,BW25113,2021-07-07,36,NA,NA
JB,N2,5,4,NA,BW25113,2021-07-07,36,NA,NA
JB,N2,5,8,NA,BW25113,2021-07-07,36,NA,NA
JB,N2,5,2,NA,BW25113,2021-07-07,36,NA,NA
JB,N2,5,8,NA,BW25113,2021-07-07,36,NA,NA
JB,N2,5,2,NA,BW25113,2021-07-07,36,NA,NA
JB,N2,5,8,NA,BW25113,2021-07-07,36,NA,NA
JB,N2,5,4,NA,BW25113,2021-07-07,36,NA,NA
JB,cest-1.2,5,5,NA,BW25113,2021-07-07,37,NA,NA
JB,cest-1.2,5,4,NA,BW25113,2021-07-07,37,NA,NA
JB,cest-1.2,5,4,NA,BW25113,2021-07-07,37,NA,NA
JB,cest-1.2,5,4,NA,BW25113,2021-07-07,37,NA,NA
JB,cest-1.2,5,4,NA,BW25113,2021-07-07,37,NA,NA
JB,cest-1.2,5,3,NA,BW25113,2021-07-07,37,NA,NA
JB,cest-1.2,5,4,NA,BW25113,2021-07-07,37,NA,NA
JB,cest-1.2,5,4,NA,BW25113,2021-07-07,37,NA,NA
JB,cest-1.2,5,7,NA,BW25113,2021-07-07,37,NA,NA
JB,cest-1.2,5,4,NA,BW25113,2021-07-07,37,NA,NA
JB,cest-1.2,5,3,NA,BW25113,2021-07-07,38,NA,NA
JB,cest-1.2,5,4,NA,BW25113,2021-07-07,38,NA,NA
JB,cest-1.2,5,2,NA,BW25113,2021-07-07,38,NA,NA
JB,cest-1.2,5,6,NA,BW25113,2021-07-07,38,NA,NA
JB,cest-1.2,5,5,NA,BW25113,2021-07-07,38,NA,NA
JB,cest-1.2,5,4,NA,BW25113,2021-07-07,38,NA,NA
JB,cest-1.2,5,4,NA,BW25113,2021-07-07,38,NA,NA
JB,cest-1.2,5,5,NA,BW25113,2021-07-07,38,NA,NA
JB,cest-1.2,5,4,NA,BW25113,2021-07-07,38,NA,NA
JB,cest-1.2,5,4,NA,BW25113,2021-07-07,38,NA,NA
JB,cest-1.2,5,4,NA,K12 tnaA,2021-07-07,39,NA,NA
JB,cest-1.2,5,3,NA,K12 tnaA,2021-07-07,39,NA,NA
JB,cest-1.2,5,5,NA,K12 tnaA,2021-07-07,39,NA,NA
JB,cest-1.2,5,5,NA,K12 tnaA,2021-07-07,39,NA,NA
JB,cest-1.2,5,3,NA,K12 tnaA,2021-07-07,39,NA,NA
JB,cest-1.2,5,5,NA,K12 tnaA,2021-07-07,39,NA,NA
JB,cest-1.2,5,2,NA,K12 tnaA,2021-07-07,39,NA,NA
JB,cest-1.2,5,4,NA,K12 tnaA,2021-07-07,39,NA,NA
JB,cest-1.2,5,3,NA,K12 tnaA,2021-07-07,39,NA,NA
JB,cest-1.2,5,4,NA,K12 tnaA,2021-07-07,39,NA,NA
JB,cest-1.2,5,7,NA,K12 tnaA,2021-07-07,40,NA,NA
JB,cest-1.2,5,5,NA,K12 tnaA,2021-07-07,40,NA,NA
JB,cest-1.2,5,5,NA,K12 tnaA,2021-07-07,40,NA,NA
JB,cest-1.2,5,7,NA,K12 tnaA,2021-07-07,40,NA,NA
JB,cest-1.2,5,2,NA,K12 tnaA,2021-07-07,40,NA,NA
JB,cest-1.2,5,3,NA,K12 tnaA,2021-07-07,40,NA,NA
JB,cest-1.2,5,3,NA,K12 tnaA,2021-07-07,40,NA,NA
JB,cest-1.2,5,6,NA,K12 tnaA,2021-07-07,40,NA,NA
JB,cest-1.2,5,4,NA,K12 tnaA,2021-07-07,40,NA,NA
JB,N2,5,4,NA,K12 tnaA,2021-07-07,41,NA,NA
JB,N2,5,1,NA,K12 tnaA,2021-07-07,41,NA,NA
JB,N2,5,5,NA,K12 tnaA,2021-07-07,41,NA,NA
JB,N2,5,4,NA,K12 tnaA,2021-07-07,41,NA,NA
JB,N2,5,5,NA,K12 tnaA,2021-07-07,41,NA,NA
JB,N2,5,5,NA,K12 tnaA,2021-07-07,41,NA,NA
JB,N2,5,2,NA,K12 tnaA,2021-07-07,41,NA,NA
JB,N2,5,2,NA,K12 tnaA,2021-07-07,41,NA,NA
JB,N2,5,5,NA,K12 tnaA,2021-07-07,41,NA,NA
JB,N2,5,4,NA,K12 tnaA,2021-07-07,42,NA,NA
JB,N2,5,4,NA,K12 tnaA,2021-07-07,42,NA,NA
JB,N2,5,6,NA,K12 tnaA,2021-07-07,42,NA,NA
JB,N2,5,4,NA,K12 tnaA,2021-07-07,42,NA,NA
JB,N2,5,3,NA,K12 tnaA,2021-07-07,42,NA,NA
JB,N2,5,2,NA,K12 tnaA,2021-07-07,42,NA,NA
JB,N2,5,2,NA,K12 tnaA,2021-07-07,42,NA,NA
JB,N2,5,3,NA,K12 tnaA,2021-07-07,42,NA,NA
JB,N2,5,2,NA,K12 tnaA,2021-07-07,42,NA,NA
JB,N2,5,3,NA,K12 tnaA,2021-07-07,42,NA,NA
JB,cest-1.2,5,1,NA,BW25113,2021-07-14,57,NA,NA
JB,cest-1.2,5,2,NA,BW25113,2021-07-14,57,NA,NA
JB,cest-1.2,5,5,NA,BW25113,2021-07-14,57,NA,NA
JB,cest-1.2,5,3,NA,BW25113,2021-07-14,57,NA,NA
JB,cest-1.2,5,3,NA,BW25113,2021-07-14,57,NA,NA
JB,cest-1.2,5,2,NA,BW25113,2021-07-14,57,NA,NA
JB,cest-1.2,5,3,NA,BW25113,2021-07-14,57,NA,NA
JB,cest-1.2,5,5,NA,BW25113,2021-07-14,57,NA,NA
JB,cest-1.2,5,4,NA,BW25113,2021-07-14,57,NA,NA
JB,cest-1.2,5,4,NA,BW25113,2021-07-14,57,NA,NA
JB,cest-1.2,5,2,NA,BW25113,2021-07-14,58,NA,NA
JB,cest-1.2,5,3,NA,BW25113,2021-07-14,58,NA,NA
JB,cest-1.2,5,4,NA,BW25113,2021-07-14,58,NA,NA
JB,cest-1.2,5,3,NA,BW25113,2021-07-14,58,NA,NA
JB,cest-1.2,5,5,NA,BW25113,2021-07-14,58,NA,NA
JB,cest-1.2,5,4,NA,BW25113,2021-07-14,58,NA,NA
JB,cest-1.2,5,4,NA,BW25113,2021-07-14,58,NA,NA
JB,cest-1.2,5,3,NA,BW25113,2021-07-14,58,NA,NA
JB,cest-1.2,5,7,NA,K12 tnaA,2021-07-14,59,NA,NA
JB,cest-1.2,5,4,NA,K12 tnaA,2021-07-14,59,NA,NA
JB,cest-1.2,5,3,NA,K12 tnaA,2021-07-14,59,NA,NA
JB,cest-1.2,5,2,NA,K12 tnaA,2021-07-14,59,NA,NA
JB,cest-1.2,5,3,NA,K12 tnaA,2021-07-14,59,NA,NA
JB,cest-1.2,5,4,NA,K12 tnaA,2021-07-14,59,NA,NA
JB,cest-1.2,5,4,NA,K12 tnaA,2021-07-14,59,NA,NA
JB,cest-1.2,5,4,NA,K12 tnaA,2021-07-14,59,NA,NA
JB,cest-1.2,5,4,NA,K12 tnaA,2021-07-14,59,NA,NA
JB,cest-1.2,5,3,NA,K12 tnaA,2021-07-14,59,NA,NA
JB,cest-1.2,5,3,NA,K12 tnaA,2021-07-14,60,NA,NA
JB,cest-1.2,5,4,NA,K12 tnaA,2021-07-14,60,NA,NA
JB,cest-1.2,5,4,NA,K12 tnaA,2021-07-14,60,NA,NA
JB,cest-1.2,5,3,NA,K12 tnaA,2021-07-14,60,NA,NA
JB,cest-1.2,5,4,NA,K12 tnaA,2021-07-14,60,NA,NA
JB,cest-1.2,5,3,NA,K12 tnaA,2021-07-14,60,NA,NA
JB,cest-1.2,5,2,NA,K12 tnaA,2021-07-14,60,NA,NA
JB,cest-1.2,5,2,NA,K12 tnaA,2021-07-14,60,NA,NA
JB,cest-1.2,5,3,NA,K12 tnaA,2021-07-14,60,NA,NA
JB,N2,5,4,NA,K12 tnaA,2021-07-14,61,NA,NA
JB,N2,5,5,NA,K12 tnaA,2021-07-14,61,NA,NA
JB,N2,5,2,NA,K12 tnaA,2021-07-14,61,NA,NA
JB,N2,5,4,NA,K12 tnaA,2021-07-14,61,NA,NA
JB,N2,5,2,NA,K12 tnaA,2021-07-14,61,NA,NA
JB,N2,5,6,NA,K12 tnaA,2021-07-14,61,NA,NA
JB,N2,5,5,NA,K12 tnaA,2021-07-14,61,NA,NA
JB,N2,5,3,NA,K12 tnaA,2021-07-14,61,NA,NA
JB,N2,5,3,NA,K12 tnaA,2021-07-14,61,NA,NA
JB,N2,5,4,NA,K12 tnaA,2021-07-14,61,NA,NA
JB,N2,5,6,NA,K12 tnaA,2021-07-14,62,NA,NA
JB,N2,5,2,NA,K12 tnaA,2021-07-14,62,NA,NA
JB,N2,5,5,NA,K12 tnaA,2021-07-14,62,NA,NA
JB,N2,5,6,NA,K12 tnaA,2021-07-14,62,NA,NA
JB,N2,5,5,NA,K12 tnaA,2021-07-14,62,NA,NA
JB,N2,5,2,NA,K12 tnaA,2021-07-14,62,NA,NA
JB,N2,5,5,NA,K12 tnaA,2021-07-14,62,NA,NA
JB,N2,5,2,NA,K12 tnaA,2021-07-14,62,NA,NA
JB,N2,5,5,NA,K12 tnaA,2021-07-14,62,NA,NA
JB,N2,5,2,NA,K12 tnaA,2021-07-14,62,NA,NA
JB,N2,5,3,NA,BW25113,2021-07-14,63,NA,NA
JB,N2,5,4,NA,BW25113,2021-07-14,63,NA,NA
JB,N2,5,3,NA,BW25113,2021-07-14,63,NA,NA
JB,N2,5,2,NA,BW25113,2021-07-14,63,NA,NA
JB,N2,5,4,NA,BW25113,2021-07-14,63,NA,NA
JB,N2,5,4,NA,BW25113,2021-07-14,63,NA,NA
JB,N2,5,3,NA,BW25113,2021-07-14,63,NA,NA
JB,N2,5,3,NA,BW25113,2021-07-14,63,NA,NA
JB,N2,5,4,NA,BW25113,2021-07-14,63,NA,NA
JB,N2,5,4,NA,BW25113,2021-07-14,63,NA,NA
JB,N2,5,3,NA,BW25113,2021-07-14,64,NA,NA
JB,N2,5,3,NA,BW25113,2021-07-14,64,NA,NA
JB,N2,5,3,NA,BW25113,2021-07-14,64,NA,NA
JB,N2,5,2,NA,BW25113,2021-07-14,64,NA,NA
JB,N2,5,2,NA,BW25113,2021-07-14,64,NA,NA
JB,N2,5,6,NA,BW25113,2021-07-14,64,NA,NA
JB,N2,5,4,NA,BW25113,2021-07-14,64,NA,NA
JB,N2,5,3,NA,BW25113,2021-07-14,64,NA,NA
JB,N2,5,4,NA,BW25113,2021-07-14,64,NA,NA
JB,N2,5,3,NA,BW25113,2021-07-14,64,NA,NA
JB,cest-1.2,5,3,NA,BW25113,2021-07-27,85,NA,NA
JB,cest-1.2,5,2,NA,BW25113,2021-07-27,85,NA,NA
JB,cest-1.2,5,4,NA,BW25113,2021-07-27,85,NA,NA
JB,cest-1.2,5,5,NA,BW25113,2021-07-27,85,NA,NA
JB,cest-1.2,5,4,NA,BW25113,2021-07-27,85,NA,NA
JB,cest-1.2,5,4,NA,BW25113,2021-07-27,85,NA,NA
JB,cest-1.2,5,3,NA,BW25113,2021-07-27,85,NA,NA
JB,cest-1.2,5,6,NA,BW25113,2021-07-27,85,NA,NA
JB,cest-1.2,5,3,NA,BW25113,2021-07-27,85,NA,NA
JB,cest-1.2,5,3,NA,BW25113,2021-07-27,85,NA,NA
JB,cest-1.2,5,5,NA,BW25113,2021-07-27,86,NA,NA
JB,cest-1.2,5,3,NA,BW25113,2021-07-27,86,NA,NA
JB,cest-1.2,5,2,NA,BW25113,2021-07-27,86,NA,NA
JB,cest-1.2,5,5,NA,BW25113,2021-07-27,86,NA,NA
JB,cest-1.2,5,6,NA,BW25113,2021-07-27,86,NA,NA
JB,cest-1.2,5,4,NA,BW25113,2021-07-27,86,NA,NA
JB,cest-1.2,5,3,NA,BW25113,2021-07-27,86,NA,NA
JB,cest-1.2,5,4,NA,BW25113,2021-07-27,86,NA,NA
JB,cest-1.2,5,3,NA,BW25113,2021-07-27,86,NA,NA
JB,cest-1.2,5,3,NA,BW25113,2021-07-27,86,NA,NA
JB,cest-1.2,5,2,NA,K12 tnaA,2021-07-27,87,NA,NA
JB,cest-1.2,5,3,NA,K12 tnaA,2021-07-27,87,NA,NA
JB,cest-1.2,5,2,NA,K12 tnaA,2021-07-27,87,NA,NA
JB,cest-1.2,5,5,NA,K12 tnaA,2021-07-27,87,NA,NA
JB,cest-1.2,5,6,NA,K12 tnaA,2021-07-27,87,NA,NA
JB,cest-1.2,5,2,NA,K12 tnaA,2021-07-27,87,NA,NA
JB,cest-1.2,5,4,NA,K12 tnaA,2021-07-27,87,NA,NA
JB,cest-1.2,5,3,NA,K12 tnaA,2021-07-27,87,NA,NA
JB,cest-1.2,5,4,NA,K12 tnaA,2021-07-27,87,NA,NA
JB,cest-1.2,5,4,NA,K12 tnaA,2021-07-27,87,NA,NA
JB,cest-1.2,5,7,NA,K12 tnaA,2021-07-27,88,NA,NA
JB,cest-1.2,5,6,NA,K12 tnaA,2021-07-27,88,NA,NA
JB,cest-1.2,5,3,NA,K12 tnaA,2021-07-27,88,NA,NA
JB,cest-1.2,5,3,NA,K12 tnaA,2021-07-27,88,NA,NA
JB,cest-1.2,5,3,NA,K12 tnaA,2021-07-27,88,NA,NA
JB,cest-1.2,5,4,NA,K12 tnaA,2021-07-27,88,NA,NA
JB,cest-1.2,5,3,NA,K12 tnaA,2021-07-27,88,NA,NA
JB,cest-1.2,5,3,NA,K12 tnaA,2021-07-27,88,NA,NA
JB,cest-1.2,5,4,NA,K12 tnaA,2021-07-27,88,NA,NA
JB,cest-1.2,5,5,NA,K12 tnaA,2021-07-27,88,NA,NA
JB,N2,5,5,NA,BW25113,2021-07-27,89,NA,NA
JB,N2,5,3,NA,BW25113,2021-07-27,89,NA,NA
JB,N2,5,9,NA,BW25113,2021-07-27,89,NA,NA
JB,N2,5,3,NA,BW25113,2021-07-27,89,NA,NA
JB,N2,5,5,NA,BW25113,2021-07-27,89,NA,NA
JB,N2,5,4,NA,BW25113,2021-07-27,89,NA,NA
JB,N2,5,7,NA,BW25113,2021-07-27,89,NA,NA
JB,N2,5,3,NA,BW25113,2021-07-27,89,NA,NA
JB,N2,5,4,NA,BW25113,2021-07-27,90,NA,NA
JB,N2,5,5,NA,BW25113,2021-07-27,90,NA,NA
JB,N2,5,4,NA,BW25113,2021-07-27,90,NA,NA
JB,N2,5,4,NA,BW25113,2021-07-27,90,NA,NA
JB,N2,5,4,NA,BW25113,2021-07-27,90,NA,NA
JB,N2,5,5,NA,BW25113,2021-07-27,90,NA,NA
JB,N2,5,3,NA,BW25113,2021-07-27,90,NA,NA
JB,N2,5,4,NA,BW25113,2021-07-27,90,NA,NA
JB,N2,5,5,NA,BW25113,2021-07-27,90,NA,NA
JB,N2,5,3,NA,BW25113,2021-07-27,90,NA,NA
JB,N2,5,4,NA,K12 tnaA,2021-07-27,91,NA,NA
JB,N2,5,5,NA,K12 tnaA,2021-07-27,91,NA,NA
JB,N2,5,3,NA,K12 tnaA,2021-07-27,91,NA,NA
JB,N2,5,5,NA,K12 tnaA,2021-07-27,91,NA,NA
JB,N2,5,3,NA,K12 tnaA,2021-07-27,91,NA,NA
JB,N2,5,5,NA,K12 tnaA,2021-07-27,91,NA,NA
JB,N2,5,5,NA,K12 tnaA,2021-07-27,91,NA,NA
JB,N2,5,3,NA,K12 tnaA,2021-07-27,91,NA,NA
JB,N2,5,4,NA,K12 tnaA,2021-07-27,91,NA,NA
JB,N2,5,4,NA,K12 tnaA,2021-07-27,92,NA,NA
JB,N2,5,6,NA,K12 tnaA,2021-07-27,92,NA,NA
JB,N2,5,4,NA,K12 tnaA,2021-07-27,92,NA,NA
JB,N2,5,4,NA,K12 tnaA,2021-07-27,92,NA,NA
JB,N2,5,4,NA,K12 tnaA,2021-07-27,92,NA,NA
JB,N2,5,3,NA,K12 tnaA,2021-07-27,92,NA,NA
JB,N2,5,6,NA,K12 tnaA,2021-07-27,92,NA,NA
JB,N2,5,6,NA,K12 tnaA,2021-07-27,92,NA,NA
JB,N2,5,4,NA,K12 tnaA,2021-07-27,92,NA,NA
JB,N2,5,4,NA,K12 tnaA,2021-07-27,92,NA,NA
JB,cest-1.2,5,4,NA,K12 tnaA,2021-07-30,93,NA,NA
JB,cest-1.2,5,5,NA,K12 tnaA,2021-07-30,93,NA,NA
JB,cest-1.2,5,7,NA,K12 tnaA,2021-07-30,93,NA,NA
JB,cest-1.2,5,4,NA,K12 tnaA,2021-07-30,93,NA,NA
JB,cest-1.2,5,3,NA,K12 tnaA,2021-07-30,93,NA,NA
JB,cest-1.2,5,3,NA,K12 tnaA,2021-07-30,93,NA,NA
JB,cest-1.2,5,6,NA,K12 tnaA,2021-07-30,93,NA,NA
JB,cest-1.2,5,4,NA,K12 tnaA,2021-07-30,93,NA,NA
JB,cest-1.2,5,5,NA,K12 tnaA,2021-07-30,93,NA,NA
JB,cest-1.2,5,2,NA,K12 tnaA,2021-07-30,94,NA,NA
JB,cest-1.2,5,3,NA,K12 tnaA,2021-07-30,94,NA,NA
JB,cest-1.2,5,5,NA,K12 tnaA,2021-07-30,94,NA,NA
JB,cest-1.2,5,3,NA,K12 tnaA,2021-07-30,94,NA,NA
JB,cest-1.2,5,3,NA,K12 tnaA,2021-07-30,94,NA,NA
JB,cest-1.2,5,2,NA,K12 tnaA,2021-07-30,94,NA,NA
JB,cest-1.2,5,4,NA,K12 tnaA,2021-07-30,94,NA,NA
JB,cest-1.2,5,3,NA,K12 tnaA,2021-07-30,94,NA,NA
JB,cest-1.2,5,4,NA,K12 tnaA,2021-07-30,94,NA,NA
JB,N2,5,3,NA,BW25113,2021-07-30,95,NA,NA
JB,N2,5,5,NA,BW25113,2021-07-30,95,NA,NA
JB,N2,5,4,NA,BW25113,2021-07-30,95,NA,NA
JB,N2,5,3,NA,BW25113,2021-07-30,95,NA,NA
JB,N2,5,3,NA,BW25113,2021-07-30,95,NA,NA
JB,N2,5,5,NA,BW25113,2021-07-30,95,NA,NA
JB,N2,5,4,NA,BW25113,2021-07-30,95,NA,NA
JB,N2,5,3,NA,BW25113,2021-07-30,95,NA,NA
JB,N2,5,3,NA,BW25113,2021-07-30,95,NA,NA
JB,N2,5,6,NA,BW25113,2021-07-30,95,NA,NA
JB,cest-1.2,5,5,NA,BW25113,2021-07-30,97,NA,NA
JB,cest-1.2,5,4,NA,BW25113,2021-07-30,97,NA,NA
JB,cest-1.2,5,4,NA,BW25113,2021-07-30,97,NA,NA
JB,cest-1.2,5,3,NA,BW25113,2021-07-30,97,NA,NA
JB,cest-1.2,5,3,NA,BW25113,2021-07-30,97,NA,NA
JB,cest-1.2,5,3,NA,BW25113,2021-07-30,97,NA,NA
JB,cest-1.2,5,4,NA,BW25113,2021-07-30,97,NA,NA
JB,cest-1.2,5,1,NA,BW25113,2021-07-30,97,NA,NA
JB,cest-1.2,5,4,NA,BW25113,2021-07-30,97,NA,NA
JB,cest-1.2,5,2,NA,BW25113,2021-07-30,98,NA,NA
JB,cest-1.2,5,3,NA,BW25113,2021-07-30,98,NA,NA
JB,cest-1.2,5,5,NA,BW25113,2021-07-30,98,NA,NA
JB,cest-1.2,5,4,NA,BW25113,2021-07-30,98,NA,NA
JB,cest-1.2,5,5,NA,BW25113,2021-07-30,98,NA,NA
JB,cest-1.2,5,3,NA,BW25113,2021-07-30,98,NA,NA
JB,cest-1.2,5,2,NA,BW25113,2021-07-30,98,NA,NA
JB,cest-1.2,5,4,NA,BW25113,2021-07-30,98,NA,NA
JB,cest-1.2,5,5,NA,BW25113,2021-07-30,98,NA,NA
JB,cest-1.2,5,4,NA,BW25113,2021-07-30,98,NA,NA
JB,N2,5,5,NA,K12 tnaA,2021-07-30,99,NA,NA
JB,N2,5,3,NA,K12 tnaA,2021-07-30,99,NA,NA
JB,N2,5,4,NA,K12 tnaA,2021-07-30,99,NA,NA
JB,N2,5,3,NA,K12 tnaA,2021-07-30,99,NA,NA
JB,N2,5,5,NA,K12 tnaA,2021-07-30,99,NA,NA
JB,N2,5,4,NA,K12 tnaA,2021-07-30,99,NA,NA
JB,N2,5,4,NA,K12 tnaA,2021-07-30,99,NA,NA
JB,N2,5,4,NA,K12 tnaA,2021-07-30,99,NA,NA
JB,N2,5,2,NA,K12 tnaA,2021-07-30,99,NA,NA
JB,N2,5,4,NA,K12 tnaA,2021-07-30,100,NA,NA
JB,N2,5,2,NA,K12 tnaA,2021-07-30,100,NA,NA
JB,N2,5,6,NA,K12 tnaA,2021-07-30,100,NA,NA
JB,N2,5,3,NA,K12 tnaA,2021-07-30,100,NA,NA
JB,N2,5,6,NA,K12 tnaA,2021-07-30,100,NA,NA
JB,N2,5,5,NA,K12 tnaA,2021-07-30,100,NA,NA
JB,N2,5,3,NA,K12 tnaA,2021-07-30,100,NA,NA
JB,N2,5,6,NA,K12 tnaA,2021-07-30,100,NA,NA
JB,cest-1.2,5,2,NA,BW25113,2021-08-03,101,NA,NA
JB,cest-1.2,5,3,NA,BW25113,2021-08-03,101,NA,NA
JB,cest-1.2,5,1,NA,BW25113,2021-08-03,101,NA,NA
JB,cest-1.2,5,4,NA,BW25113,2021-08-03,101,NA,NA
JB,cest-1.2,5,4,NA,BW25113,2021-08-03,101,NA,NA
JB,cest-1.2,5,3,NA,BW25113,2021-08-03,101,NA,NA
JB,cest-1.2,5,2,NA,BW25113,2021-08-03,101,NA,NA
JB,cest-1.2,5,2,NA,BW25113,2021-08-03,101,NA,NA
JB,cest-1.2,5,3,NA,BW25113,2021-08-03,101,NA,NA
JB,cest-1.2,5,3,NA,BW25113,2021-08-03,101,NA,NA
JB,cest-1.2,5,5,NA,BW25113,2021-08-03,101,NA,NA
JB,cest-1.2,5,3,NA,BW25113,2021-08-03,101,NA,NA
JB,cest-1.2,5,1,NA,BW25113,2021-08-03,101,NA,NA
JB,cest-1.2,5,3,NA,BW25113,2021-08-03,101,NA,NA
JB,cest-1.2,5,4,NA,BW25113,2021-08-03,101,NA,NA
JB,cest-1.2,5,2,NA,K12 tnaA,2021-08-03,102,NA,NA
JB,cest-1.2,5,4,NA,K12 tnaA,2021-08-03,102,NA,NA
JB,cest-1.2,5,4,NA,K12 tnaA,2021-08-03,102,NA,NA
JB,cest-1.2,5,5,NA,K12 tnaA,2021-08-03,102,NA,NA
JB,cest-1.2,5,2,NA,K12 tnaA,2021-08-03,102,NA,NA
JB,cest-1.2,5,4,NA,K12 tnaA,2021-08-03,102,NA,NA
JB,cest-1.2,5,3,NA,K12 tnaA,2021-08-03,102,NA,NA
JB,cest-1.2,5,3,NA,K12 tnaA,2021-08-03,102,NA,NA
JB,cest-1.2,5,3,NA,K12 tnaA,2021-08-03,102,NA,NA
JB,cest-1.2,5,2,NA,K12 tnaA,2021-08-03,102,NA,NA
JB,cest-1.2,5,3,NA,K12 tnaA,2021-08-03,102,NA,NA
JB,cest-1.2,5,3,NA,K12 tnaA,2021-08-03,102,NA,NA
JB,cest-1.2,5,5,NA,K12 tnaA,2021-08-03,102,NA,NA
JB,cest-1.2,5,2,NA,K12 tnaA,2021-08-03,102,NA,NA
JB,cest-1.2,5,4,NA,K12 tnaA,2021-08-03,102,NA,NA
JB,N2,5,3,NA,BW25113,2021-08-03,103,NA,NA
JB,N2,5,4,NA,BW25113,2021-08-03,103,NA,NA
JB,N2,5,4,NA,BW25113,2021-08-03,103,NA,NA
JB,N2,5,3,NA,BW25113,2021-08-03,103,NA,NA
JB,N2,5,4,NA,BW25113,2021-08-03,103,NA,NA
JB,N2,5,4,NA,BW25113,2021-08-03,103,NA,NA
JB,N2,5,3,NA,BW25113,2021-08-03,103,NA,NA
JB,N2,5,4,NA,BW25113,2021-08-03,103,NA,NA
JB,N2,5,2,NA,BW25113,2021-08-03,103,NA,NA
JB,N2,5,6,NA,BW25113,2021-08-03,103,NA,NA
JB,N2,5,4,NA,BW25113,2021-08-03,103,NA,NA
JB,N2,5,4,NA,BW25113,2021-08-03,103,NA,NA
JB,N2,5,6,NA,BW25113,2021-08-03,103,NA,NA
JB,N2,5,3,NA,BW25113,2021-08-03,103,NA,NA
JB,N2,5,7,NA,BW25113,2021-08-03,103,NA,NA
JB,N2,5,3,NA,K12 tnaA,2021-08-03,104,NA,NA
JB,N2,5,1,NA,K12 tnaA,2021-08-03,104,NA,NA
JB,N2,5,2,NA,K12 tnaA,2021-08-03,104,NA,NA
JB,N2,5,5,NA,K12 tnaA,2021-08-03,104,NA,NA
JB,N2,5,3,NA,K12 tnaA,2021-08-03,104,NA,NA
JB,N2,5,3,NA,K12 tnaA,2021-08-03,104,NA,NA
JB,N2,5,2,NA,K12 tnaA,2021-08-03,104,NA,NA
JB,N2,5,2,NA,K12 tnaA,2021-08-03,104,NA,NA
JB,N2,5,3,NA,K12 tnaA,2021-08-03,104,NA,NA
JB,N2,5,6,NA,K12 tnaA,2021-08-03,104,NA,NA
JB,N2,5,6,NA,K12 tnaA,2021-08-03,104,NA,NA
JB,N2,5,5,NA,K12 tnaA,2021-08-03,104,NA,NA
JB,N2,5,4,NA,K12 tnaA,2021-08-03,104,NA,NA
JB,N2,5,3,NA,K12 tnaA,2021-08-03,104,NA,NA
JB,N2,5,3,NA,K12 tnaA,2021-08-03,104,NA,NA
JB,N2,5,3,NA,BW25113,2021-08-10,105,NA,NA
JB,N2,5,3,NA,BW25113,2021-08-10,105,NA,NA
JB,N2,5,4,NA,BW25113,2021-08-10,105,NA,NA
JB,N2,5,4,NA,BW25113,2021-08-10,105,NA,NA
JB,N2,5,4,NA,BW25113,2021-08-10,105,NA,NA
JB,N2,5,4,NA,BW25113,2021-08-10,105,NA,NA
JB,N2,5,5,NA,BW25113,2021-08-10,105,NA,NA
JB,N2,5,5,NA,BW25113,2021-08-10,105,NA,NA
JB,N2,5,4,NA,BW25113,2021-08-10,105,NA,NA
JB,N2,5,6,NA,BW25113,2021-08-10,105,NA,NA
JB,N2,5,4,NA,BW25113,2021-08-10,106,NA,NA
JB,N2,5,7,NA,BW25113,2021-08-10,106,NA,NA
JB,N2,5,2,NA,BW25113,2021-08-10,106,NA,NA
JB,N2,5,2,NA,BW25113,2021-08-10,106,NA,NA
JB,N2,5,3,NA,BW25113,2021-08-10,106,NA,NA
JB,N2,5,3,NA,BW25113,2021-08-10,106,NA,NA
JB,N2,5,5,NA,BW25113,2021-08-10,106,NA,NA
JB,N2,5,3,NA,BW25113,2021-08-10,106,NA,NA
JB,N2,5,3,NA,BW25113,2021-08-10,106,NA,NA
JB,N2,5,4,NA,BW25113,2021-08-10,106,NA,NA
JB,cest-1.2,5,4,NA,K12 tnaA,2021-08-10,107,NA,NA
JB,cest-1.2,5,4,NA,K12 tnaA,2021-08-10,107,NA,NA
JB,cest-1.2,5,2,NA,K12 tnaA,2021-08-10,107,NA,NA
JB,cest-1.2,5,3,NA,K12 tnaA,2021-08-10,107,NA,NA
JB,cest-1.2,5,5,NA,K12 tnaA,2021-08-10,107,NA,NA
JB,cest-1.2,5,5,NA,K12 tnaA,2021-08-10,107,NA,NA
JB,cest-1.2,5,3,NA,K12 tnaA,2021-08-10,107,NA,NA
JB,cest-1.2,5,3,NA,K12 tnaA,2021-08-10,107,NA,NA
JB,cest-1.2,5,5,NA,K12 tnaA,2021-08-10,107,NA,NA
JB,cest-1.2,5,3,NA,K12 tnaA,2021-08-10,107,NA,NA
JB,cest-1.2,5,4,NA,K12 tnaA,2021-08-10,108,NA,NA
JB,cest-1.2,5,3,NA,K12 tnaA,2021-08-10,108,NA,NA
JB,cest-1.2,5,2,NA,K12 tnaA,2021-08-10,108,NA,NA
JB,cest-1.2,5,1,NA,K12 tnaA,2021-08-10,108,NA,NA
JB,cest-1.2,5,1,NA,K12 tnaA,2021-08-10,108,NA,NA
JB,cest-1.2,5,3,NA,K12 tnaA,2021-08-10,108,NA,NA
JB,cest-1.2,5,3,NA,K12 tnaA,2021-08-10,108,NA,NA
JB,cest-1.2,5,2,NA,K12 tnaA,2021-08-10,108,NA,NA
JB,N2,5,3,NA,K12 tnaA,2021-08-10,109,NA,NA
JB,N2,5,2,NA,K12 tnaA,2021-08-10,109,NA,NA
JB,N2,5,2,NA,K12 tnaA,2021-08-10,109,NA,NA
JB,N2,5,1,NA,K12 tnaA,2021-08-10,109,NA,NA
JB,N2,5,3,NA,K12 tnaA,2021-08-10,109,NA,NA
JB,N2,5,2,NA,K12 tnaA,2021-08-10,109,NA,NA
JB,N2,5,2,NA,K12 tnaA,2021-08-10,109,NA,NA
JB,N2,5,4,NA,K12 tnaA,2021-08-10,109,NA,NA
JB,N2,5,2,NA,K12 tnaA,2021-08-10,109,NA,NA
JB,N2,5,5,NA,K12 tnaA,2021-08-10,109,NA,NA
JB,N2,5,4,NA,K12 tnaA,2021-08-10,110,NA,NA
JB,N2,5,3,NA,K12 tnaA,2021-08-10,110,NA,NA
JB,N2,5,4,NA,K12 tnaA,2021-08-10,110,NA,NA
JB,N2,5,3,NA,K12 tnaA,2021-08-10,110,NA,NA
JB,N2,5,3,NA,K12 tnaA,2021-08-10,110,NA,NA
JB,N2,5,5,NA,K12 tnaA,2021-08-10,110,NA,NA
JB,N2,5,4,NA,K12 tnaA,2021-08-10,110,NA,NA
JB,N2,5,3,NA,K12 tnaA,2021-08-10,110,NA,NA
JB,cest-1.2,5,5,NA,BW25113,2021-08-10,111,NA,NA
JB,cest-1.2,5,3,NA,BW25113,2021-08-10,111,NA,NA
JB,cest-1.2,5,3,NA,BW25113,2021-08-10,111,NA,NA
JB,cest-1.2,5,1,NA,BW25113,2021-08-10,111,NA,NA
JB,cest-1.2,5,5,NA,BW25113,2021-08-10,111,NA,NA
JB,cest-1.2,5,2,NA,BW25113,2021-08-10,111,NA,NA
JB,cest-1.2,5,3,NA,BW25113,2021-08-10,111,NA,NA
JB,cest-1.2,5,5,NA,BW25113,2021-08-10,111,NA,NA
JB,cest-1.2,5,4,NA,BW25113,2021-08-10,111,NA,NA
JB,cest-1.2,5,4,NA,BW25113,2021-08-10,111,NA,NA
JB,cest-1.2,5,4,NA,BW25113,2021-08-10,112,NA,NA
JB,cest-1.2,5,3,NA,BW25113,2021-08-10,112,NA,NA
JB,cest-1.2,5,3,NA,BW25113,2021-08-10,112,NA,NA
JB,cest-1.2,5,3,NA,BW25113,2021-08-10,112,NA,NA
JB,cest-1.2,5,4,NA,BW25113,2021-08-10,112,NA,NA
JB,cest-1.2,5,3,NA,BW25113,2021-08-10,112,NA,NA
JB,cest-1.2,5,2,NA,BW25113,2021-08-10,112,NA,NA
JB,cest-1.2,5,3,NA,BW25113,2021-08-10,112,NA,NA
JB,cest-1.2,5,2,NA,BW25113,2021-08-10,112,NA,NA
JB,cest-1.2,5,1,NA,BW25113,2021-08-10,112,NA,NA
